date,time,place,latitude,longitude,depth,magnitude,sindo
2019/12/31,10:47:25.1,静岡県伊豆地方,34°59.5′N,139°01.1′E,4 km,1.7,1
2019/12/31,02:14:32.9,岩手県沖,39°38.2′N,142°06.4′E,48 km,3.4,1
2019/12/30,19:27:07.6,茨城県沖,36°47.9′N,141°20.7′E,34 km,3.7,1
2019/12/30,13:32:29.2,宮城県沖,38°28.5′N,142°06.5′E,41 km,4.0,1
2019/12/30,13:11:11.8,父島近海,27°50.6′N,142°31.3′E,73 km,5.1,1
2019/12/29,09:52:08.8,岩手県沖,40°09.1′N,142°25.7′E,35 km,3.9,1
2019/12/29,08:11:32.9,西表島付近,24°08.1′N,123°48.6′E,18 km,3.3,1
2019/12/29,06:59:44.6,天草灘,32°08.3′N,130°03.3′E,8 km,2.7,1
2019/12/29,00:56:41.8,奄美大島近海,28°17.1′N,129°36.0′E,32 km,4.0,2
2019/12/28,21:24:43.3,福島県沖,37°37.0′N,141°51.2′E,37 km,3.8,1
2019/12/28,08:41:52.3,西表島付近,24°08.1′N,123°49.0′E,18 km,4.6,2
2019/12/28,05:31:07.5,トカラ列島近海,29°36.2′N,129°41.8′E,6 km,2.0,1
2019/12/27,22:01:12.1,天草灘,32°08.1′N,130°03.2′E,9 km,3.0,1
2019/12/27,14:10:01.0,三陸沖,37°56.2′N,142°45.8′E,29 km,4.8,2
2019/12/27,12:34:23.5,瀬戸内海中部,34°02.8′N,133°03.9′E,15 km,2.8,1
2019/12/27,11:26:25.0,沖縄本島近海,26°12.8′N,128°25.5′E,19 km,3.7,1
2019/12/27,06:46:19.6,天草灘,32°08.4′N,130°03.5′E,8 km,2.6,1
2019/12/27,04:44:31.7,栃木県北部,36°39.1′N,139°27.6′E,4 km,2.2,1
2019/12/27,03:09:07.5,天草灘,32°08.3′N,130°03.4′E,9 km,3.3,2
2019/12/26,21:26:18.5,熊本県熊本地方,32°52.1′N,130°39.6′E,8 km,2.1,1
2019/12/26,19:59:33.8,天草灘,32°08.3′N,130°03.5′E,8 km,3.0,2
2019/12/26,19:53:56.2,天草灘,32°08.2′N,130°03.2′E,8 km,3.8,3
2019/12/26,18:26:38.5,宮城県沖,38°31.7′N,141°48.9′E,49 km,4.7,3
2019/12/26,17:18:58.1,岩手県沖,39°59.4′N,141°59.9′E,70 km,3.4,1
2019/12/26,09:08:44.7,秋田県内陸北部,40°01.0′N,140°27.0′E,6 km,3.1,1
2019/12/26,03:38:22.7,網走地方,43°30.5′N,144°00.7′E,1 km,2.6,1
2019/12/25,04:53:59.9,瀬戸内海中部,34°02.9′N,133°04.3′E,15 km,2.8,1
2019/12/25,04:50:21.6,トカラ列島近海,29°32.4′N,129°43.9′E,8 km,1.8,1
2019/12/24,23:36:54.3,根室半島南東沖,43°29.8′N,146°09.9′E,93 km,4.8,3
2019/12/24,19:43:59.8,和歌山県北部,34°12.6′N,135°13.8′E,4 km,2.1,1
2019/12/24,10:58:32.0,栃木県北部,36°45.4′N,139°26.5′E,4 km,2.4,1
2019/12/24,09:11:08.7,伊豆半島東方沖,35°05.5′N,139°06.9′E,0 km,1.9,1
2019/12/23,21:39:09.7,岩手県沖,39°06.6′N,142°06.9′E,45 km,3.4,1
2019/12/23,08:46:11.2,日向灘,32°35.2′N,132°12.5′E,32 km,3.5,1
2019/12/23,02:12:03.7,鹿児島県薩摩地方,31°50.7′N,130°42.0′E,9 km,2.1,1
2019/12/22,21:33:43.9,岩手県内陸南部,38°58.7′N,140°53.7′E,7 km,4.4,3
2019/12/22,14:41:47.7,五島列島近海,32°41.8′N,129°47.7′E,4 km,2.0,1
2019/12/22,14:24:51.0,渡島地方北部,42°03.9′N,140°26.2′E,10 km,4.2,3
2019/12/22,13:44:37.4,日向灘,31°35.2′N,131°49.6′E,23 km,4.0,1
2019/12/22,13:40:53.7,岩手県沿岸南部,39°03.2′N,141°41.0′E,76 km,3.3,1
2019/12/22,07:54:43.4,秋田県沖,39°17.1′N,139°36.2′E,17 km,3.2,1
2019/12/21,12:00:17.7,宮城県沖,38°53.6′N,142°06.9′E,44 km,4.0,1
2019/12/21,07:44:04.9,秋田県沿岸北部,40°12.7′N,140°10.9′E,17 km,3.3,2
2019/12/21,00:22:25.1,宮城県沖,38°49.4′N,142°10.6′E,45 km,3.9,1
2019/12/20,18:31:16.4,奄美大島近海,28°17.8′N,129°34.7′E,33 km,4.1,3
2019/12/20,14:09:33.0,静岡県中部,35°01.4′N,138°22.0′E,27 km,2.6,1
2019/12/20,13:50:59.4,長野県南部,35°48.2′N,137°33.6′E,8 km,2.6,1
2019/12/20,05:28:39.6,種子島近海,30°34.4′N,131°09.2′E,30 km,4.5,2
2019/12/19,15:21:33.4,青森県東方沖,40°30.7′N,142°10.7′E,50 km,5.5,5-
2019/12/19,09:23:42.0,茨城県沖,36°17.2′N,140°40.1′E,89 km,4.1,3
2019/12/19,04:15:33.4,青森県西方沖,40°48.7′N,139°52.6′E,13 km,3.7,1
2019/12/18,20:54:16.2,根室半島南東沖,43°24.5′N,145°56.7′E,98 km,4.4,3
2019/12/18,18:16:11.2,トカラ列島近海,29°37.5′N,129°41.8′E,13 km,3.0,1
2019/12/18,16:26:07.2,トカラ列島近海,29°37.3′N,129°47.6′E,0 km,2.9,1
2019/12/18,08:35:22.1,沖縄本島近海,27°18.3′N,128°25.9′E,47 km,5.1,4
2019/12/18,05:17:20.6,鹿児島県薩摩地方,31°15.2′N,130°22.7′E,155 km,3.8,1
2019/12/18,00:16:07.1,福島県沖,37°08.7′N,141°01.6′E,93 km,3.6,1
2019/12/17,19:15:26.8,浦河沖,42°00.6′N,142°43.3′E,34 km,3.2,1
2019/12/17,12:21:53.0,岩手県沖,40°21.2′N,142°04.7′E,51 km,3.5,1
2019/12/17,04:54:27.7,有明海,32°48.2′N,130°33.6′E,12 km,2.5,1
2019/12/17,04:42:28.9,愛知県西部,34°50.0′N,137°02.1′E,11 km,2.4,1
2019/12/16,17:04:27.1,山梨県東部・富士五湖,35°28.1′N,138°56.7′E,23 km,3.3,2
2019/12/16,11:39:47.0,伊豆大島近海,34°33.6′N,139°19.3′E,11 km,2.2,1
2019/12/16,06:52:01.4,胆振地方中東部,42°45.6′N,141°53.7′E,31 km,4.4,3
2019/12/16,04:13:51.5,千葉県東方沖,35°09.2′N,140°33.9′E,59 km,4.3,3
2019/12/15,22:05:23.8,宮古島近海,24°45.3′N,125°15.2′E,47 km,4.1,1
2019/12/15,13:38:41.2,宮古島近海,24°41.6′N,124°50.0′E,19 km,4.1,1
2019/12/15,12:33:12.0,長野県北部,36°36.6′N,138°21.4′E,1 km,2.9,2
2019/12/15,10:07:22.9,三宅島近海,34°05.1′N,139°23.8′E,15 km,2.7,1
2019/12/14,03:24:03.7,伊豆大島近海,35°01.8′N,139°27.0′E,33 km,4.3,3
2019/12/13,23:20:33.4,山梨県東部・富士五湖,35°29.6′N,138°57.3′E,18 km,2.6,1
2019/12/13,20:14:22.2,福島県会津,37°02.9′N,139°32.2′E,9 km,2.6,1
2019/12/13,19:29:27.5,岩手県沖,39°38.7′N,142°06.7′E,48 km,3.4,1
2019/12/13,07:26:46.4,茨城県沖,36°38.1′N,141°39.1′E,63 km,4.1,1
2019/12/13,06:20:41.6,奄美大島近海,28°11.7′N,129°30.0′E,33 km,3.2,1
2019/12/12,17:43:58.6,岩手県沖,39°58.2′N,142°24.0′E,37 km,3.7,1
2019/12/12,14:30:48.4,佐渡付近,38°13.4′N,138°23.7′E,15 km,3.7,1
2019/12/12,12:56:31.1,西表島付近,24°15.6′N,123°46.0′E,16 km,2.9,1
2019/12/12,04:27:54.4,茨城県沖,36°25.6′N,141°00.3′E,45 km,3.6,1
2019/12/12,04:24:48.5,胆振地方中東部,42°42.0′N,141°58.9′E,36 km,3.1,2
2019/12/12,02:45:01.7,宗谷地方北部,45°06.1′N,141°51.6′E,7 km,2.4,1
2019/12/12,01:09:49.5,宗谷地方北部,45°06.3′N,141°52.7′E,7 km,4.2,5-
2019/12/12,00:46:35.3,胆振地方中東部,42°44.4′N,141°53.8′E,15 km,2.3,1
2019/12/11,18:39:07.6,福島県沖,37°43.7′N,141°48.0′E,41 km,5.3,3
2019/12/11,12:33:16.9,茨城県北部,36°42.5′N,140°36.2′E,9 km,2.9,1
2019/12/11,11:58:08.3,茨城県北部,36°42.3′N,140°36.6′E,9 km,3.3,1
2019/12/11,09:21:43.5,熊本県熊本地方,32°27.7′N,130°38.5′E,10 km,2.4,1
2019/12/10,17:49:44.0,鳥取県西部,35°17.1′N,133°21.1′E,6 km,2.2,1
2019/12/10,14:51:29.1,長野県南部,35°47.9′N,137°29.7′E,8 km,2.3,1
2019/12/09,17:41:18.5,八丈島東方沖,33°09.3′N,140°48.6′E,54 km,4.4,1
2019/12/09,11:12:26.0,青森県東方沖,41°31.4′N,141°33.8′E,84 km,2.8,1
2019/12/09,00:03:56.6,鹿児島湾,31°21.7′N,130°40.8′E,118 km,3.2,1
2019/12/08,17:29:18.1,宮城県沖,38°42.5′N,142°14.7′E,39 km,3.7,1
2019/12/08,12:22:50.2,岩手県沖,39°26.9′N,142°43.7′E,32 km,4.4,2
2019/12/08,11:57:54.0,和歌山県北部,34°15.3′N,135°25.8′E,7 km,1.9,1
2019/12/08,10:46:26.9,熊本県熊本地方,32°34.0′N,130°45.2′E,9 km,2.4,1
2019/12/08,07:25:18.2,熊本県熊本地方,32°42.1′N,130°42.8′E,14 km,2.6,1
2019/12/08,07:14:06.5,福島県沖,37°48.1′N,141°43.6′E,51 km,3.6,1
2019/12/08,02:57:09.0,奄美大島近海,28°17.0′N,129°26.5′E,31 km,2.8,1
2019/12/07,20:37:11.3,鹿児島県薩摩地方,31°18.7′N,130°34.4′E,10 km,2.7,1
2019/12/07,18:59:36.2,網走地方,44°03.0′N,145°04.7′E,0 km,2.2,1
2019/12/07,18:56:27.7,根室地方北部,44°02.9′N,145°04.7′E,0 km,1.8,1
2019/12/07,16:51:13.5,北海道東方沖,43°16.9′N,147°02.0′E,35 km,4.4,1
2019/12/07,12:33:49.2,福島県沖,37°22.8′N,141°46.6′E,41 km,4.6,3
2019/12/07,10:15:33.3,国後島付近,43°32.6′N,145°15.5′E,133 km,3.2,1
2019/12/07,09:10:26.3,根室半島南東沖,43°12.6′N,146°32.7′E,50 km,4.0,1
2019/12/06,20:57:01.7,茨城県北部,36°48.0′N,140°32.5′E,8 km,3.3,2
2019/12/06,14:39:33.7,福島県中通り,36°54.4′N,140°25.9′E,81 km,3.5,2
2019/12/06,08:10:34.1,網走地方,44°03.2′N,145°04.3′E,4 km,1.9,1
2019/12/05,23:54:11.2,大隅半島東方沖,31°06.7′N,131°26.7′E,30 km,4.7,3
2019/12/05,22:35:16.2,茨城県北部,36°48.5′N,140°32.7′E,8 km,4.6,3
2019/12/05,15:01:17.9,茨城県北部,36°46.5′N,140°33.9′E,9 km,3.9,2
2019/12/05,13:58:56.8,釧路地方中南部,43°04.3′N,144°59.8′E,61 km,4.1,2
2019/12/05,12:53:01.1,岐阜県飛騨地方,36°03.1′N,137°34.1′E,7 km,2.2,1
2019/12/05,11:14:25.7,沖縄本島近海,26°48.0′N,128°24.0′E,31 km,2.9,1
2019/12/05,11:03:16.9,千島列島,45°19.1′N,150°30.0′E,30 km,5.8,1
2019/12/05,08:38:26.7,茨城県北部,36°48.5′N,140°32.5′E,7 km,3.8,2
2019/12/05,08:36:29.1,茨城県北部,36°48.6′N,140°32.5′E,8 km,3.2,1
2019/12/05,01:03:57.9,宮古島近海,25°00.9′N,125°36.4′E,53 km,4.2,1
2019/12/04,19:35:05.2,栃木県北部,36°57.2′N,139°40.8′E,7 km,4.8,4
2019/12/04,18:12:56.0,茨城県南部,36°08.2′N,139°48.1′E,51 km,4.0,3
2019/12/04,17:57:27.2,茨城県北部,36°47.9′N,140°32.7′E,9 km,3.3,1
2019/12/04,14:05:08.9,瀬戸内海中部,34°02.8′N,133°03.7′E,15 km,2.8,1
2019/12/04,13:39:55.7,瀬戸内海中部,34°15.9′N,133°07.5′E,23 km,2.7,1
2019/12/04,13:27:40.9,栃木県北部,36°57.2′N,139°40.9′E,7 km,3.9,3
2019/12/04,12:01:29.6,茨城県北部,36°48.7′N,140°31.9′E,8 km,2.6,1
2019/12/04,10:50:30.8,茨城県北部,36°48.3′N,140°32.4′E,9 km,3.5,2
2019/12/04,10:38:53.1,茨城県北部,36°48.5′N,140°32.3′E,9 km,4.9,4
2019/12/04,08:59:22.0,沖縄本島近海,26°21.4′N,127°44.9′E,16 km,2.6,1
2019/12/04,06:28:29.4,根室半島南東沖,43°06.7′N,146°21.6′E,48 km,3.9,1
2019/12/04,01:22:47.5,奄美大島近海,28°13.6′N,128°50.4′E,67 km,3.8,1
2019/12/03,20:02:03.7,千葉県北西部,35°44.0′N,139°58.0′E,78 km,3.8,2
2019/12/03,10:18:04.6,茨城県南部,36°08.5′N,139°49.0′E,52 km,4.7,4
2019/12/03,08:25:17.4,岩手県沖,40°11.9′N,142°01.8′E,42 km,4.5,3
2019/12/03,07:54:18.3,西表島付近,24°15.0′N,123°48.0′E,17 km,4.2,3
2019/12/03,01:16:23.9,長野県南部,35°47.9′N,137°29.7′E,8 km,2.9,2
2019/12/02,20:14:20.9,茨城県南部,36°10.5′N,140°06.3′E,51 km,3.1,1
2019/12/02,14:26:05.5,秋田県沖,39°22.9′N,139°38.7′E,23 km,3.6,1
2019/12/02,06:05:51.9,岐阜県飛騨地方,36°01.1′N,137°22.2′E,11 km,2.7,1
2019/12/02,00:39:31.9,岐阜県美濃東部,35°26.9′N,137°01.0′E,13 km,2.2,1
2019/12/01,15:00:29.0,西表島付近,24°10.8′N,123°34.5′E,46 km,3.5,1
2019/12/01,07:35:07.8,伊予灘,33°28.4′N,131°58.0′E,64 km,3.5,1
2019/12/01,02:59:44.0,西表島付近,24°10.2′N,123°40.0′E,18 km,3.4,1
2019/11/30,16:24:06.1,千葉県北西部,35°35.9′N,140°16.0′E,44 km,3.2,1
2019/11/30,02:10:01.7,宮古島近海,24°53.0′N,124°45.6′E,12 km,3.8,1
2019/11/29,23:57:24.3,宮古島近海,24°53.1′N,124°45.9′E,11 km,4.4,2
2019/11/29,13:01:39.5,三陸沖,39°07.5′N,143°02.0′E,26 km,5.6,3
2019/11/29,10:19:47.8,茨城県南部,36°10.3′N,139°57.0′E,56 km,3.4,1
2019/11/29,04:32:41.1,熊本県天草・芦北地方,32°15.8′N,130°28.6′E,8 km,2.4,1
2019/11/28,21:30:48.9,東京都多摩東部,35°37.8′N,139°26.6′E,126 km,3.7,1
2019/11/28,18:23:40.8,宮城県沖,38°42.0′N,141°47.7′E,52 km,2.8,1
2019/11/28,16:41:15.4,釧路沖,42°49.5′N,145°14.9′E,49 km,4.7,3
2019/11/27,13:57:04.4,宮城県沖,38°20.9′N,141°39.7′E,52 km,3.3,1
2019/11/27,07:45:32.1,釧路沖,42°57.3′N,145°25.3′E,46 km,3.3,1
2019/11/26,20:14:40.1,長野県南部,35°48.1′N,137°29.9′E,8 km,2.1,1
2019/11/26,16:24:36.6,長野県南部,35°48.1′N,137°29.8′E,8 km,3.2,3
2019/11/26,15:43:36.7,和歌山県北部,34°12.0′N,135°17.6′E,5 km,2.1,1
2019/11/26,15:14:47.9,瀬戸内海中部,34°02.7′N,133°03.8′E,15 km,3.2,1
2019/11/26,15:09:10.9,瀬戸内海中部,34°02.7′N,133°03.8′E,16 km,4.6,4
2019/11/26,15:08:13.8,大阪府北部,34°57.7′N,135°36.9′E,13 km,2.5,1
2019/11/26,14:06:49.8,トカラ列島近海,29°16.6′N,129°15.3′E,10 km,1.6,1
2019/11/26,11:25:55.8,宮城県沖,38°53.7′N,142°06.7′E,43 km,3.3,1
2019/11/26,07:58:11.1,瀬戸内海中部,34°02.7′N,133°03.6′E,15 km,3.8,3
2019/11/26,07:34:27.9,埼玉県北部,36°07.1′N,139°23.4′E,66 km,2.9,1
2019/11/25,23:19:54.5,上川地方北部,44°44.0′N,142°08.7′E,0 km,2.4,1
2019/11/25,12:22:01.5,茨城県沖,36°12.0′N,140°57.4′E,45 km,3.9,2
2019/11/24,01:22:03.4,岩手県沿岸北部,39°32.9′N,141°42.3′E,66 km,3.3,1
2019/11/24,00:10:40.3,奄美大島近海,28°15.1′N,129°57.5′E,21 km,2.7,1
2019/11/23,23:53:03.6,トカラ列島近海,29°35.1′N,129°43.3′E,1 km,1.9,1
2019/11/23,21:58:09.9,北海道東方沖,43°37.0′N,147°10.7′E,34 km,5.4,3
2019/11/23,15:24:10.6,愛知県東部,34°39.1′N,137°04.0′E,12 km,2.4,1
2019/11/23,08:44:43.9,茨城県沖,36°16.4′N,140°54.2′E,38 km,3.7,2
2019/11/23,07:05:33.5,熊本県天草・芦北地方,32°19.6′N,130°31.0′E,9 km,2.5,1
2019/11/23,01:02:24.9,日向灘,31°56.2′N,131°52.2′E,27 km,4.4,2
2019/11/22,18:05:08.1,日向灘,31°56.2′N,131°54.7′E,24 km,5.2,3
2019/11/22,07:31:57.0,東海道南方沖,32°33.8′N,137°26.2′E,420 km,4.9,1
2019/11/22,05:23:49.9,茨城県南部,36°04.2′N,139°53.4′E,45 km,4.5,3
2019/11/22,02:48:06.9,東京湾,35°37.7′N,140°01.7′E,70 km,3.1,1
2019/11/22,01:29:13.9,宮城県沖,38°23.4′N,142°05.5′E,33 km,3.8,1
2019/11/22,01:01:32.1,茨城県沖,36°44.9′N,141°15.5′E,32 km,3.3,1
2019/11/21,22:09:26.6,有明海,32°44.4′N,130°35.9′E,11 km,2.9,1
2019/11/21,04:02:42.0,択捉島付近,44°38.7′N,147°13.6′E,144 km,4.6,1
2019/11/21,00:00:24.8,天草灘,32°18.2′N,129°46.4′E,13 km,2.7,1
2019/11/20,17:26:08.0,サハリン近海,53°07.6′N,153°40.7′E,496 km,5.6,1
2019/11/20,13:44:36.0,佐賀県北部,33°25.8′N,130°07.4′E,15 km,3.0,1
2019/11/20,06:20:35.6,新潟県上越地方,37°03.3′N,138°02.8′E,10 km,2.9,2
2019/11/20,01:59:36.8,新潟県上越地方,37°03.5′N,138°02.8′E,10 km,3.3,2
2019/11/19,23:50:27.2,和歌山県北部,34°13.9′N,135°16.5′E,7 km,2.4,1
2019/11/19,18:39:00.6,青森県東方沖,40°41.2′N,142°14.9′E,45 km,3.6,2
2019/11/19,06:04:45.5,西表島付近,24°02.7′N,123°40.9′E,15 km,3.7,1
2019/11/19,02:38:21.6,沖縄本島近海,26°36.9′N,128°20.4′E,40 km,3.9,1
2019/11/18,20:06:11.2,福島県沖,37°31.2′N,141°22.9′E,50 km,3.3,1
2019/11/18,18:34:37.7,茨城県南部,36°07.2′N,139°51.0′E,48 km,3.5,2
2019/11/18,08:00:00.7,茨城県北部,36°27.3′N,140°36.0′E,56 km,3.7,2
2019/11/18,00:55:16.7,伊豆大島近海,34°38.6′N,139°03.2′E,11 km,2.6,1
2019/11/17,20:13:19.5,伊豆大島近海,34°38.3′N,139°03.0′E,12 km,2.4,1
2019/11/17,20:10:21.6,伊豆大島近海,34°38.4′N,139°03.0′E,12 km,2.5,1
2019/11/17,20:05:33.1,伊豆大島近海,34°38.3′N,139°03.1′E,13 km,4.7,4
2019/11/17,19:20:09.4,茨城県北部,36°28.2′N,140°36.9′E,59 km,3.5,2
2019/11/17,18:29:25.4,種子島近海,30°34.4′N,131°09.2′E,30 km,3.3,1
2019/11/17,11:55:24.1,茨城県北部,36°37.8′N,140°38.4′E,9 km,2.8,1
2019/11/17,03:32:44.1,奄美大島近海,28°48.0′N,129°54.3′E,28 km,4.6,2
2019/11/16,19:48:41.7,茨城県沖,36°40.8′N,141°23.5′E,50 km,3.8,1
2019/11/16,18:16:58.8,宮城県沖,38°18.5′N,141°54.4′E,64 km,4.0,3
2019/11/16,11:51:51.5,関東東方沖,34°03.8′N,141°39.4′E,50 km,4.9,1
2019/11/16,00:23:21.3,西表島付近,23°57.2′N,123°35.0′E,31 km,3.6,1
2019/11/15,20:12:19.6,新潟県中越地方,37°21.5′N,138°48.1′E,10 km,2.5,2
2019/11/15,09:39:34.5,茨城県南部,36°01.2′N,140°04.6′E,62 km,3.7,2
2019/11/14,23:10:14.2,熊本県熊本地方,32°51.6′N,130°53.2′E,12 km,2.1,1
2019/11/14,08:14:39.1,小笠原諸島西方沖,26°56.8′N,141°07.6′E,430 km,4.7,1
2019/11/13,21:51:56.5,宮崎県北部山沿い,32°48.9′N,131°30.9′E,71 km,3.3,1
2019/11/13,19:22:16.9,岩手県沿岸北部,39°45.3′N,141°50.5′E,58 km,3.5,2
2019/11/13,15:20:11.5,青森県東方沖,40°55.0′N,142°09.3′E,49 km,3.7,1
2019/11/13,07:47:54.5,トカラ列島近海,29°37.3′N,129°44.3′E,0 km,2.7,2
2019/11/13,01:07:13.0,大阪府北部,34°51.3′N,135°37.2′E,8 km,3.2,2
2019/11/12,21:55:36.8,茨城県沖,36°25.6′N,141°01.0′E,46 km,4.4,3
2019/11/12,15:36:11.4,秋田県沖,39°16.8′N,139°33.9′E,17 km,3.7,1
2019/11/12,12:53:20.4,和歌山県北部,34°16.2′N,135°15.6′E,7 km,3.0,1
2019/11/12,08:25:48.0,岐阜県飛騨地方,36°03.2′N,137°34.2′E,7 km,3.5,3
2019/11/12,04:41:56.6,根室半島南東沖,43°08.6′N,145°45.2′E,51 km,3.1,1
2019/11/11,18:50:11.6,福島県中通り,37°08.3′N,140°19.9′E,114 km,3.8,2
2019/11/11,14:59:31.5,トカラ列島近海,28°30.0′N,129°00.7′E,68 km,3.6,1
2019/11/11,07:38:51.6,福島県会津,37°18.0′N,139°36.8′E,6 km,2.2,1
2019/11/11,01:28:37.5,山形県沖,38°39.7′N,139°28.0′E,14 km,3.8,2
2019/11/10,04:43:54.5,播磨灘,34°38.9′N,134°28.0′E,5 km,3.2,1
2019/11/10,03:42:16.9,播磨灘,34°38.9′N,134°28.0′E,5 km,3.1,1
2019/11/09,16:20:39.3,宮城県沖,38°10.4′N,141°40.5′E,51 km,3.8,2
2019/11/09,06:23:52.1,青森県東方沖,41°27.5′N,142°08.1′E,58 km,3.5,1
2019/11/09,06:03:41.1,北海道東方沖,43°32.7′N,147°02.5′E,43 km,4.5,1
2019/11/08,22:26:51.1,熊本県熊本地方,32°45.3′N,130°38.3′E,10 km,2.6,1
2019/11/08,21:23:17.4,瀬戸内海中部,34°02.6′N,133°03.5′E,15 km,3.2,2
2019/11/08,20:31:12.1,瀬戸内海中部,34°02.6′N,133°03.6′E,15 km,3.1,1
2019/11/08,18:18:23.3,茨城県沖,36°32.4′N,140°50.2′E,52 km,4.4,4
2019/11/08,06:25:08.8,和歌山県北部,34°13.0′N,135°09.0′E,5 km,2.6,2
2019/11/07,11:35:27.4,苫小牧沖,41°38.9′N,141°56.1′E,110 km,4.1,2
2019/11/07,07:03:09.4,青森県東方沖,40°55.4′N,142°41.8′E,21 km,4.5,2
2019/11/06,22:16:15.1,宮城県沖,38°18.9′N,141°51.3′E,46 km,4.2,2
2019/11/06,20:35:14.4,島根県西部,35°11.6′N,132°34.0′E,11 km,2.9,1
2019/11/06,20:11:25.8,トカラ列島近海,29°36.8′N,129°43.3′E,0 km,2.6,3
2019/11/06,20:10:35.5,トカラ列島近海,29°36.1′N,129°43.3′E,0 km,2.2,2
2019/11/06,12:31:23.7,島根県東部,35°24.6′N,133°18.5′E,12 km,2.6,1
2019/11/06,11:17:19.6,岐阜県飛騨地方,36°04.5′N,137°27.1′E,9 km,3.1,2
2019/11/06,00:41:28.8,十勝地方南部,42°20.8′N,143°04.2′E,52 km,4.2,2
2019/11/05,21:35:24.4,茨城県北部,36°26.7′N,140°33.4′E,56 km,3.0,1
2019/11/05,07:28:02.9,茨城県南部,36°18.1′N,140°01.0′E,73 km,3.4,1
2019/11/05,01:49:30.4,伊豆大島近海,34°50.3′N,139°16.8′E,10 km,2.4,2
2019/11/05,01:40:40.5,伊豆大島近海,34°50.4′N,139°16.8′E,10 km,2.6,2
2019/11/05,01:09:03.5,伊豆大島近海,34°50.3′N,139°16.8′E,10 km,2.0,1
2019/11/05,00:42:18.9,伊豆大島近海,34°50.3′N,139°16.8′E,11 km,2.0,1
2019/11/04,15:25:48.1,京都府南部,35°10.4′N,135°50.9′E,12 km,2.5,1
2019/11/04,11:50:01.5,栃木県北部,36°41.4′N,139°24.9′E,6 km,3.4,2
2019/11/04,11:49:58.1,愛知県西部,35°10.0′N,137°01.1′E,13 km,2.6,1
2019/11/04,11:47:19.6,栃木県北部,36°41.4′N,139°24.8′E,7 km,2.8,1
2019/11/04,04:08:55.0,トカラ列島近海,28°34.6′N,128°55.4′E,80 km,3.2,1
2019/11/04,01:29:13.9,熊本県熊本地方,32°38.1′N,130°40.4′E,7 km,1.9,1
2019/11/03,23:55:46.1,茨城県南部,36°02.1′N,139°54.7′E,42 km,3.8,2
2019/11/03,23:35:28.7,周防灘,33°46.5′N,131°04.1′E,12 km,2.6,1
2019/11/03,14:02:41.9,福島県沖,37°17.9′N,141°46.6′E,42 km,5.0,3
2019/11/03,13:36:34.2,長野県中部,36°24.0′N,138°04.6′E,14 km,2.3,1
2019/11/03,13:19:31.9,トカラ列島近海,29°35.8′N,129°45.0′E,5 km,2.7,1
2019/11/03,12:30:10.0,宮城県北部,38°53.1′N,141°39.5′E,66 km,3.3,1
2019/11/03,02:39:29.5,千葉県北西部,35°51.9′N,140°01.0′E,104 km,3.9,1
2019/11/03,00:33:40.4,宮城県沖,38°27.6′N,142°14.2′E,28 km,4.3,2
2019/11/02,22:42:58.5,茨城県南部,36°01.1′N,140°22.4′E,55 km,3.2,1
2019/11/02,14:13:03.4,宮城県沖,38°51.1′N,142°02.5′E,45 km,3.6,1
2019/11/02,12:06:41.2,千葉県北東部,35°42.6′N,140°41.5′E,50 km,3.4,1
2019/11/02,11:12:41.5,千葉県北東部,35°23.8′N,140°21.1′E,26 km,2.1,1
2019/11/02,00:46:45.0,千葉県北東部,35°42.6′N,140°41.4′E,50 km,3.2,1
2019/11/02,00:38:37.4,奄美大島近海,28°21.7′N,129°30.1′E,35 km,4.2,2
2019/11/01,09:27:26.9,熊本県熊本地方,32°38.0′N,130°40.5′E,7 km,1.9,1
2019/11/01,01:10:55.6,奄美大島近海,28°16.6′N,129°27.1′E,31 km,3.8,2
2019/10/31,19:20:38.6,紀伊水道,33°40.6′N,135°09.1′E,37 km,3.6,1
2019/10/31,17:24:02.2,北海道東方沖,43°39.6′N,147°17.2′E,26 km,4.7,1
2019/10/31,11:06:33.8,千葉県北西部,35°48.0′N,140°06.7′E,62 km,3.8,1
2019/10/31,09:27:15.1,愛媛県南予,33°31.2′N,132°24.7′E,45 km,3.7,2
2019/10/31,02:31:47.1,千葉県南部,35°03.9′N,139°58.8′E,0 km,2.0,1
2019/10/30,22:22:30.4,三河湾,34°48.9′N,137°00.9′E,37 km,3.2,1
2019/10/30,11:12:37.9,青森県東方沖,40°56.9′N,142°25.7′E,36 km,3.9,1
2019/10/30,04:32:13.4,京都府南部,34°58.6′N,135°32.8′E,13 km,3.4,3
2019/10/28,22:28:55.7,茨城県沖,36°25.7′N,140°39.3′E,53 km,3.5,2
2019/10/28,10:59:09.4,日高地方東部,42°21.7′N,142°59.1′E,51 km,3.8,1
2019/10/28,09:16:15.7,宮城県沖,38°12.7′N,141°47.4′E,57 km,3.9,2
2019/10/28,06:33:16.2,宮城県沖,38°45.3′N,141°59.8′E,55 km,4.0,2
2019/10/27,19:03:25.7,大阪府北部,34°50.0′N,135°36.1′E,10 km,3.2,2
2019/10/27,11:59:01.1,和歌山県北部,34°01.7′N,135°13.2′E,4 km,1.6,1
2019/10/27,11:16:03.3,北海道東方沖,43°14.8′N,146°51.5′E,43 km,4.0,1
2019/10/26,22:10:06.2,京都府南部,35°04.2′N,135°38.8′E,7 km,2.7,2
2019/10/26,21:32:23.2,京都府南部,35°04.3′N,135°38.9′E,7 km,3.5,2
2019/10/24,19:10:48.2,薩摩半島西方沖,31°36.2′N,129°37.4′E,8 km,3.5,1
2019/10/24,04:26:02.9,島根県東部,35°21.2′N,133°16.3′E,7 km,1.4,1
2019/10/24,04:09:56.1,石垣島近海,24°47.5′N,123°26.1′E,87 km,4.4,1
2019/10/24,03:11:55.7,和歌山県南方沖,33°33.8′N,135°19.8′E,31 km,3.8,1
2019/10/24,00:02:35.5,浦河沖,41°53.1′N,142°31.6′E,62 km,3.9,1
2019/10/23,17:26:36.6,宮城県沖,38°27.9′N,142°08.4′E,45 km,4.2,2
2019/10/23,12:43:19.8,岩手県沿岸北部,39°45.4′N,141°49.6′E,58 km,4.2,2
2019/10/23,05:54:19.7,父島近海,26°38.4′N,141°32.7′E,116 km,4.7,2
2019/10/22,17:06:01.1,釧路沖,42°21.9′N,144°26.9′E,31 km,4.4,2
2019/10/22,14:51:27.9,釧路沖,42°52.2′N,145°30.6′E,45 km,4.3,2
2019/10/22,04:50:25.8,熊本県阿蘇地方,32°57.9′N,131°06.6′E,10 km,2.0,1
2019/10/22,02:36:56.0,愛知県西部,35°11.1′N,137°29.4′E,44 km,2.7,1
2019/10/21,23:33:26.5,千葉県北東部,35°30.2′N,140°22.5′E,32 km,2.4,1
2019/10/21,07:53:34.9,宮城県沖,38°37.0′N,141°53.5′E,47 km,3.9,1
2019/10/21,04:07:23.2,秋田県内陸北部,40°01.9′N,140°29.1′E,5 km,3.5,2
2019/10/21,02:58:45.9,宮城県沖,38°19.8′N,141°38.1′E,53 km,3.8,2
2019/10/20,13:42:51.6,浦河沖,41°54.8′N,142°19.5′E,70 km,4.1,2
2019/10/20,11:20:02.2,東京都多摩東部,35°39.3′N,139°26.3′E,27 km,3.2,2
2019/10/20,07:11:41.1,愛知県西部,35°15.4′N,137°09.0′E,14 km,3.0,1
2019/10/19,21:36:12.3,熊本県熊本地方,32°39.0′N,130°43.7′E,13 km,3.0,2
2019/10/19,21:10:32.8,茨城県南部,36°11.8′N,139°57.3′E,52 km,3.7,2
2019/10/19,18:08:51.4,宮城県沖,38°41.8′N,142°14.7′E,36 km,4.5,2
2019/10/19,12:53:59.3,岐阜県飛騨地方,36°01.3′N,137°31.0′E,7 km,1.9,1
2019/10/19,04:14:11.1,小笠原諸島西方沖,28°17.8′N,140°08.4′E,422 km,4.5,1
2019/10/18,18:52:09.9,和歌山県北部,34°01.8′N,135°14.4′E,4 km,1.8,1
2019/10/18,12:46:52.2,宮古島近海,24°40.3′N,124°50.4′E,18 km,3.2,1
2019/10/18,11:31:07.1,渡島地方東部,41°48.2′N,141°09.8′E,5 km,2.6,1
2019/10/18,06:12:05.4,釧路地方北部,43°36.6′N,144°24.6′E,2 km,2.6,2
2019/10/18,04:50:59.0,胆振地方中東部,42°41.6′N,141°47.4′E,126 km,3.9,1
2019/10/17,22:27:16.6,熊本県熊本地方,32°37.6′N,130°45.3′E,3 km,2.4,3
2019/10/17,20:44:33.1,与那国島近海,23°58.4′N,122°29.1′E,20 km,5.4,1
2019/10/17,14:02:54.8,宮古島近海,24°42.2′N,124°50.0′E,19 km,3.6,1
2019/10/17,03:59:08.8,駿河湾,35°03.0′N,138°34.0′E,23 km,3.2,1
2019/10/17,03:44:29.2,宮古島近海,24°41.8′N,124°50.0′E,19 km,4.4,1
2019/10/16,03:02:41.3,茨城県北部,36°28.1′N,140°34.8′E,64 km,3.8,3
2019/10/16,01:10:09.8,茨城県南部,36°03.8′N,139°51.3′E,44 km,3.0,1
2019/10/15,20:29:20.0,三重県中部,34°37.2′N,136°22.9′E,11 km,3.3,2
2019/10/15,19:01:41.9,宮古島近海,24°58.5′N,125°38.3′E,52 km,4.5,1
2019/10/15,15:57:17.6,上川地方北部,44°41.2′N,142°17.7′E,0 km,3.3,3
2019/10/15,13:07:10.7,和歌山県南部,33°56.7′N,135°28.9′E,53 km,2.8,1
2019/10/15,08:14:52.8,択捉島付近,44°23.3′N,146°55.9′E,116 km,5.4,2
2019/10/15,06:43:49.6,島根県西部,35°02.1′N,132°42.7′E,7 km,2.6,1
2019/10/15,03:48:55.2,島根県西部,35°04.8′N,132°30.6′E,11 km,3.1,1
2019/10/14,22:31:38.9,長野県南部,35°38.9′N,137°52.2′E,9 km,2.7,1
2019/10/14,19:55:39.3,新潟県中越地方,36°57.7′N,138°36.6′E,8 km,3.3,2
2019/10/14,16:24:53.3,熊本県熊本地方,32°31.6′N,130°36.3′E,2 km,1.8,1
2019/10/14,13:01:56.7,周防灘,33°49.1′N,131°41.2′E,16 km,3.9,2
2019/10/12,18:21:53.6,千葉県南東沖,34°40.4′N,140°38.9′E,75 km,5.4,4
2019/10/12,10:45:56.5,茨城県沖,36°18.7′N,140°55.3′E,35 km,3.0,1
2019/10/12,04:05:50.5,青森県三八上北地方,40°28.4′N,141°23.0′E,90 km,3.0,1
2019/10/11,22:21:52.6,浦河沖,42°03.0′N,143°03.6′E,26 km,3.7,1
2019/10/11,05:13:09.5,日高地方東部,42°20.2′N,143°00.0′E,51 km,3.6,1
2019/10/10,00:52:42.6,青森県東方沖,41°33.3′N,142°03.3′E,66 km,3.8,2
2019/10/09,17:51:22.7,鳥島近海,29°58.6′N,139°21.1′E,437 km,4.8,1
2019/10/09,16:48:16.1,東京都23区,35°42.9′N,139°36.6′E,27 km,3.5,3
2019/10/09,16:31:28.6,十勝沖,42°22.8′N,143°38.0′E,54 km,4.1,2
2019/10/09,04:58:30.3,千葉県北西部,35°47.9′N,140°06.8′E,62 km,4.2,2
2019/10/08,23:45:57.7,岐阜県飛騨地方,36°04.7′N,137°27.4′E,8 km,2.3,1
2019/10/08,16:31:25.5,父島近海,26°55.5′N,142°41.7′E,101 km,3.9,1
2019/10/08,11:56:55.8,島根県西部,34°46.9′N,132°07.8′E,10 km,2.5,1
2019/10/08,08:30:34.3,根室半島南東沖,43°25.8′N,146°03.5′E,97 km,3.7,1
2019/10/08,08:12:11.4,種子島南東沖,30°22.4′N,131°24.9′E,42 km,3.2,1
2019/10/07,16:25:07.1,浦河沖,41°44.4′N,142°17.1′E,66 km,4.0,2
2019/10/07,08:02:30.7,安芸灘,33°50.1′N,132°21.4′E,50 km,4.3,3
2019/10/07,07:59:51.6,福島県会津,37°03.8′N,139°20.7′E,8 km,2.5,2
2019/10/07,03:00:45.9,宮城県沖,38°19.1′N,141°45.1′E,49 km,3.7,1
2019/10/06,18:28:07.1,千葉県東方沖,35°11.8′N,140°32.9′E,59 km,3.9,2
2019/10/06,15:03:10.8,福島県沖,37°13.5′N,142°11.1′E,30 km,4.4,1
2019/10/06,05:18:18.4,奄美大島北西沖,28°07.5′N,128°04.9′E,12 km,5.1,2
2019/10/05,22:47:18.9,長野県南部,35°51.4′N,137°33.3′E,6 km,2.0,1
2019/10/05,21:13:03.5,長野県中部,36°25.2′N,138°02.1′E,5 km,2.0,1
2019/10/05,09:12:40.5,福島県沖,36°57.9′N,141°06.9′E,60 km,3.4,1
2019/10/05,08:49:16.6,宮城県沖,38°41.7′N,142°16.2′E,38 km,4.1,1
2019/10/05,06:17:15.3,沖縄本島近海,27°17.5′N,128°25.9′E,48 km,3.5,1
2019/10/05,03:13:02.0,石川県能登地方,37°27.8′N,137°15.2′E,9 km,2.4,1
2019/10/04,22:06:33.5,宮城県沖,38°38.2′N,141°53.9′E,48 km,3.4,1
2019/10/04,16:15:18.3,長野県北部,36°50.4′N,138°16.0′E,12 km,2.2,1
2019/10/04,16:13:11.1,長野県北部,36°50.4′N,138°16.1′E,13 km,2.3,1
2019/10/04,10:52:42.1,長野県南部,35°50.9′N,137°33.9′E,5 km,2.4,1
2019/10/04,08:51:35.1,福島県会津,37°02.0′N,139°18.3′E,7 km,1.8,1
2019/10/03,20:32:42.9,播磨灘,34°33.7′N,134°18.7′E,14 km,2.4,1
2019/10/03,10:43:56.2,宮城県沖,38°32.7′N,142°06.7′E,49 km,3.9,2
2019/10/03,09:12:19.3,長野県北部,36°50.4′N,138°15.8′E,12 km,2.7,2
2019/10/03,07:20:54.3,和歌山県北部,34°08.2′N,135°09.5′E,5 km,1.9,1
2019/10/03,00:56:26.3,熊本県熊本地方,32°32.0′N,130°36.1′E,10 km,2.6,1
2019/10/02,13:39:03.9,福島県沖,37°43.8′N,141°47.8′E,26 km,4.1,1
2019/10/02,02:15:35.1,静岡県中部,34°58.5′N,138°10.7′E,27 km,4.0,2
2019/10/01,18:07:04.8,茨城県南部,36°10.8′N,140°00.3′E,51 km,3.3,2
2019/10/01,15:28:54.1,十勝地方南部,42°19.6′N,143°04.0′E,51 km,3.9,1
2019/10/01,04:16:01.3,茨城県沖,36°10.9′N,140°55.8′E,44 km,3.1,1
2019/09/30,21:23:17.6,福島県会津,37°02.5′N,139°27.8′E,8 km,2.0,1
2019/09/30,15:55:05.4,福島県沖,37°07.5′N,141°01.8′E,62 km,3.4,1
2019/09/30,15:51:04.8,紀伊水道,34°01.3′N,135°08.8′E,6 km,1.9,1
2019/09/30,01:02:31.4,茨城県北部,36°27.4′N,140°36.5′E,56 km,4.3,3
2019/09/29,19:29:58.4,茨城県北部,36°31.8′N,140°32.6′E,53 km,3.6,2
2019/09/29,16:47:44.0,熊本県熊本地方,32°33.7′N,130°38.9′E,11 km,3.8,3
2019/09/29,09:25:16.2,熊本県熊本地方,32°36.4′N,130°40.0′E,9 km,2.3,1
2019/09/29,06:15:40.1,茨城県南部,36°05.7′N,139°49.9′E,53 km,3.2,1
2019/09/28,18:04:16.0,千葉県東方沖,35°23.2′N,140°26.8′E,28 km,2.4,1
2019/09/28,12:50:15.4,新潟県中越地方,37°11.1′N,138°55.4′E,13 km,2.7,1
2019/09/28,08:47:10.0,熊本県天草・芦北地方,32°26.5′N,130°28.1′E,13 km,3.5,2
2019/09/28,03:46:33.3,宮城県沖,38°47.2′N,141°36.7′E,70 km,3.2,1
2019/09/28,02:33:12.7,天草灘,32°21.8′N,129°49.4′E,14 km,4.0,3
2019/09/28,01:24:54.1,根室半島南東沖,43°14.6′N,146°33.6′E,48 km,4.3,1
2019/09/28,01:13:23.8,日向灘,32°31.1′N,132°06.9′E,31 km,3.6,1
2019/09/27,22:25:11.3,千葉県北東部,35°28.7′N,140°25.8′E,31 km,3.3,2
2019/09/27,20:11:02.3,宮城県沖,38°55.0′N,141°55.9′E,51 km,3.8,2
2019/09/27,18:58:05.8,青森県東方沖,40°39.7′N,141°46.8′E,69 km,2.9,1
2019/09/27,06:11:04.1,鹿児島県薩摩地方,31°14.6′N,130°38.6′E,9 km,2.1,1
2019/09/26,11:12:17.6,根室半島南東沖,42°51.7′N,146°38.2′E,48 km,4.5,1
2019/09/25,19:59:43.9,駿河湾,34°42.7′N,138°44.4′E,9 km,2.3,1
2019/09/25,17:28:48.1,岩手県沖,39°20.4′N,142°03.7′E,48 km,4.4,3
2019/09/25,12:12:38.5,伊豆大島近海,34°43.5′N,139°18.2′E,6 km,2.4,1
2019/09/25,11:46:53.6,父島近海,26°25.8′N,142°26.3′E,41 km,3.8,1
2019/09/24,14:31:42.2,奄美大島近海,28°01.0′N,128°50.9′E,57 km,3.6,1
2019/09/22,20:36:45.7,トカラ列島近海,28°21.3′N,128°38.6′E,75 km,3.9,1
2019/09/22,14:50:05.6,熊本県熊本地方,32°44.7′N,130°45.0′E,8 km,1.8,1
2019/09/22,06:56:00.4,長野県北部,36°38.3′N,137°54.0′E,9 km,2.2,1
2019/09/22,03:53:37.6,広島県北部,35°01.2′N,132°55.8′E,12 km,2.5,1
2019/09/22,02:48:59.6,大阪府北部,34°58.0′N,135°29.1′E,10 km,2.9,1
2019/09/21,21:49:02.7,長野県北部,36°45.9′N,137°52.7′E,6 km,2.5,1
2019/09/21,19:51:21.0,新潟県上中越沖,37°19.8′N,138°22.0′E,15 km,2.5,1
2019/09/21,14:51:22.7,五島列島近海,33°07.1′N,129°36.4′E,12 km,3.1,1
2019/09/21,10:25:36.7,福島県沖,37°29.3′N,141°22.9′E,37 km,3.8,1
2019/09/21,04:43:34.8,岐阜県飛騨地方,36°21.3′N,137°12.6′E,10 km,2.8,1
2019/09/21,03:11:20.6,胆振地方中東部,42°40.7′N,141°54.5′E,14 km,2.1,1
2019/09/20,09:09:04.5,山口県北西沖,34°46.5′N,131°37.8′E,17 km,3.2,1
2019/09/19,20:54:41.6,宮城県沖,38°32.1′N,141°43.2′E,53 km,3.7,1
2019/09/19,18:51:22.2,岐阜県飛騨地方,36°00.6′N,137°32.2′E,6 km,2.4,1
2019/09/19,11:18:44.9,釧路沖,42°39.7′N,144°09.0′E,53 km,3.6,1
2019/09/19,08:49:28.2,茨城県沖,36°25.0′N,140°41.2′E,52 km,4.1,2
2019/09/19,00:22:36.4,択捉島付近,44°18.0′N,147°03.7′E,130 km,4.4,2
2019/09/18,18:58:21.4,愛知県西部,35°02.2′N,137°01.4′E,41 km,3.2,1
2019/09/18,11:54:25.4,択捉島南東沖,44°09.2′N,148°01.1′E,0 km,5.3,1
2019/09/17,22:12:21.6,宮城県沖,38°43.3′N,142°10.4′E,41 km,3.6,1
2019/09/17,18:22:09.8,神奈川県西部,35°29.8′N,139°04.2′E,14 km,3.0,2
2019/09/17,06:51:13.7,岐阜県飛騨地方,36°00.5′N,137°32.2′E,6 km,2.2,1
2019/09/17,03:04:49.9,日向灘,32°21.3′N,131°43.5′E,41 km,3.0,1
2019/09/17,01:27:58.0,熊本県熊本地方,32°47.3′N,130°37.5′E,11 km,2.5,1
2019/09/16,21:43:56.5,岩手県沖,39°25.7′N,142°40.2′E,32 km,4.5,1
2019/09/16,21:30:12.6,日向灘,32°07.9′N,131°44.7′E,35 km,3.4,1
2019/09/16,15:56:31.6,千葉県南部,35°16.8′N,140°18.6′E,22 km,2.7,1
2019/09/16,10:31:00.2,京都府北部,35°36.2′N,135°04.4′E,12 km,2.9,1
2019/09/16,09:29:28.9,硫黄島近海,25°47.9′N,143°18.0′E,11 km,5.4,1
2019/09/16,07:17:31.5,和歌山県北部,33°55.6′N,135°10.5′E,8 km,2.9,1
2019/09/16,01:27:09.5,青森県東方沖,41°12.0′N,142°02.8′E,58 km,4.5,3
2019/09/16,00:57:21.6,日向灘,32°15.8′N,131°54.6′E,30 km,3.6,2
2019/09/15,17:15:19.8,山梨県中・西部,35°41.6′N,138°43.1′E,12 km,3.0,2
2019/09/15,14:08:59.0,淡路島付近,34°25.0′N,134°51.2′E,14 km,2.9,1
2019/09/15,12:02:40.0,岩手県沖,39°20.3′N,142°04.2′E,48 km,4.3,3
2019/09/14,12:57:17.2,青森県東方沖,40°58.6′N,142°00.7′E,58 km,3.7,2
2019/09/14,11:54:38.3,千葉県北西部,35°38.8′N,140°09.9′E,62 km,4.1,2
2019/09/14,09:13:11.4,千葉県南東沖,35°03.9′N,140°31.3′E,97 km,4.0,1
2019/09/14,04:23:42.0,福島県沖,37°21.9′N,141°06.2′E,28 km,3.7,2
2019/09/14,03:24:52.7,茨城県沖,36°40.5′N,141°23.0′E,49 km,3.6,1
2019/09/13,05:04:00.6,宮城県沖,37°57.6′N,141°15.8′E,77 km,3.4,1
2019/09/13,02:09:36.6,岩手県沖,39°20.4′N,142°04.5′E,48 km,3.6,1
2019/09/13,01:35:56.6,千葉県北西部,35°33.3′N,140°11.6′E,56 km,3.3,2
2019/09/12,11:05:55.0,熊本県熊本地方,32°27.6′N,130°39.7′E,10 km,2.6,1
2019/09/12,01:44:48.1,福島県沖,37°47.7′N,141°39.9′E,52 km,4.5,2
2019/09/12,00:57:52.9,和歌山県北部,34°12.6′N,135°09.3′E,5 km,2.0,1
2019/09/11,20:22:27.3,愛知県東部,35°03.2′N,137°37.8′E,15 km,3.3,2
2019/09/11,15:32:08.8,茨城県北部,36°45.5′N,140°34.9′E,9 km,2.9,1
2019/09/10,04:43:09.8,岩手県沖,39°20.4′N,142°04.4′E,48 km,3.3,1
2019/09/09,00:36:05.4,岡山県南部,34°53.9′N,134°09.1′E,18 km,3.0,1
2019/09/08,22:04:25.1,宮城県沖,38°16.9′N,141°54.9′E,45 km,3.3,1
2019/09/08,14:56:36.0,大分県南部,32°47.3′N,131°56.0′E,54 km,3.1,1
2019/09/08,02:24:40.8,日向灘,32°37.8′N,132°16.1′E,34 km,3.8,2
2019/09/07,19:38:20.5,三河湾,34°42.0′N,137°13.6′E,30 km,3.2,1
2019/09/07,18:35:50.8,青森県東方沖,41°34.3′N,142°04.2′E,64 km,5.0,3
2019/09/07,17:01:46.2,岩手県沖,39°38.1′N,142°06.5′E,48 km,4.0,2
2019/09/07,08:27:43.7,熊本県天草・芦北地方,32°38.6′N,130°39.7′E,12 km,2.9,2
2019/09/07,07:55:57.1,茨城県沖,36°44.0′N,141°09.8′E,30 km,4.1,2
2019/09/07,04:04:44.7,浦河沖,41°54.7′N,142°28.0′E,64 km,3.7,1
2019/09/07,00:31:46.9,新潟県中越地方,37°07.2′N,138°36.7′E,12 km,2.8,3
2019/09/06,21:09:07.9,国後島付近,43°29.1′N,146°02.5′E,73 km,3.8,2
2019/09/06,09:08:16.4,熊本県熊本地方,32°41.2′N,130°42.2′E,12 km,3.5,3
2019/09/06,08:39:35.1,福島県沖,37°11.2′N,141°24.6′E,79 km,3.6,1
2019/09/06,05:48:29.9,日向灘,32°41.1′N,132°18.2′E,37 km,3.3,1
2019/09/06,04:20:30.6,福島県沖,37°44.6′N,141°43.7′E,52 km,3.9,1
2019/09/06,00:02:21.3,福島県中通り,37°25.6′N,140°44.9′E,84 km,3.7,2
2019/09/05,14:47:02.5,奄美大島近海,28°20.2′N,129°22.4′E,39 km,2.6,1
2019/09/05,14:44:25.3,岐阜県飛騨地方,36°03.0′N,137°31.4′E,7 km,2.2,1
2019/09/05,09:57:39.5,和歌山県南方沖,33°17.8′N,135°24.4′E,29 km,4.1,2
2019/09/05,04:46:54.8,宮崎県南部平野部,31°57.7′N,131°12.8′E,61 km,3.2,1
2019/09/04,19:54:41.3,岩手県沖,39°37.9′N,142°06.0′E,49 km,4.0,2
2019/09/04,15:50:16.2,熊本県熊本地方,32°42.7′N,130°44.7′E,12 km,2.6,1
2019/09/04,03:42:35.1,三陸沖,39°26.2′N,143°23.6′E,35 km,4.6,1
2019/09/03,04:33:40.4,父島近海,27°31.2′N,142°24.4′E,41 km,4.1,1
2019/09/02,17:02:35.3,熊本県熊本地方,32°46.5′N,130°39.2′E,13 km,2.2,1
2019/09/02,13:58:06.4,青森県東方沖,40°59.3′N,142°01.1′E,57 km,3.4,2
2019/09/01,16:09:10.2,新潟県中越地方,36°49.5′N,138°44.7′E,5 km,2.6,1
2019/09/01,06:59:07.2,釧路地方北部,43°36.3′N,144°24.3′E,3 km,1.4,1
2019/09/01,03:56:55.1,千葉県東方沖,35°49.8′N,140°54.7′E,34 km,3.3,1
2019/09/01,01:51:51.2,岡山県南部,34°44.5′N,133°25.8′E,13 km,2.7,1
2019/08/31,23:54:24.2,福島県沖,37°23.2′N,141°25.0′E,32 km,3.6,1
2019/08/31,18:03:17.5,長野県南部,35°52.7′N,138°07.7′E,11 km,4.1,3
2019/08/31,17:45:17.3,奄美大島近海,28°33.3′N,129°38.0′E,19 km,3.6,2
2019/08/31,08:32:41.7,岐阜県美濃中西部,35°30.1′N,136°27.0′E,11 km,3.7,2
2019/08/31,03:05:15.7,熊本県天草・芦北地方,32°14.3′N,130°19.3′E,11 km,2.7,1
2019/08/31,01:41:00.4,沖縄本島近海,26°08.3′N,127°15.4′E,37 km,3.1,1
2019/08/30,04:24:52.3,根室半島南東沖,43°08.3′N,145°48.3′E,45 km,3.9,2
2019/08/29,21:14:15.1,宮城県沖,38°48.4′N,142°00.5′E,47 km,3.4,1
2019/08/29,09:57:48.5,熊本県天草・芦北地方,32°14.9′N,130°30.9′E,8 km,2.7,1
2019/08/29,08:46:39.3,青森県東方沖,40°58.8′N,143°01.6′E,21 km,6.1,3
2019/08/28,17:35:53.5,茨城県北部,36°50.6′N,140°37.6′E,8 km,3.4,1
2019/08/27,23:58:34.0,石川県能登地方,37°27.5′N,137°14.8′E,10 km,3.8,3
2019/08/27,23:19:47.9,石川県能登地方,37°27.5′N,137°15.0′E,11 km,2.8,1
2019/08/27,23:08:49.7,石川県能登地方,37°27.4′N,137°15.0′E,11 km,2.6,1
2019/08/27,09:41:21.0,宮城県沖,38°29.8′N,142°08.8′E,39 km,4.0,1
2019/08/27,03:47:15.1,沖縄本島北西沖,27°02.9′N,126°46.6′E,120 km,4.6,2
2019/08/27,00:15:30.7,神奈川県西部,35°30.0′N,139°03.9′E,14 km,3.0,1
2019/08/27,00:13:30.9,神奈川県西部,35°29.9′N,139°04.1′E,14 km,4.2,3
2019/08/26,20:53:34.3,宮古島近海,24°24.4′N,125°10.0′E,53 km,3.6,1
2019/08/26,05:31:09.5,愛媛県中予,33°43.2′N,132°46.8′E,40 km,3.2,1
2019/08/25,03:51:03.0,青森県東方沖,41°29.0′N,142°01.7′E,63 km,4.1,2
2019/08/24,13:52:46.5,福島県沖,37°23.2′N,142°25.1′E,25 km,5.6,3
2019/08/24,11:49:23.1,熊本県熊本地方,32°43.3′N,130°38.4′E,11 km,2.3,1
2019/08/24,08:44:52.3,石垣島近海,24°21.9′N,124°42.4′E,54 km,5.2,3
2019/08/24,03:05:22.5,宮城県沖,38°24.2′N,141°53.4′E,54 km,4.2,3
2019/08/24,01:39:34.8,宮城県沖,38°53.3′N,141°58.1′E,49 km,3.9,2
2019/08/23,21:41:13.9,熊本県天草・芦北地方,32°21.7′N,130°28.9′E,9 km,3.0,1
2019/08/23,20:49:37.3,千葉県南部,35°21.0′N,140°01.0′E,40 km,4.0,2
2019/08/23,00:11:49.9,滋賀県北部,35°25.0′N,136°02.3′E,9 km,2.2,1
2019/08/22,09:42:35.5,青森県東方沖,41°35.7′N,141°55.6′E,65 km,3.4,1
2019/08/21,12:35:25.2,十勝地方南部,42°23.5′N,143°03.7′E,26 km,4.3,2
2019/08/21,00:07:46.5,新潟県下越沖,38°32.7′N,139°23.9′E,11 km,3.9,2
2019/08/20,21:52:22.4,奄美大島近海,28°02.4′N,130°55.1′E,75 km,5.0,2
2019/08/20,18:28:45.5,奄美大島近海,28°02.6′N,130°12.7′E,45 km,3.4,1
2019/08/20,17:20:24.2,奄美大島近海,28°01.7′N,130°12.2′E,46 km,4.9,3
2019/08/20,09:30:03.5,大阪府北部,34°55.4′N,135°38.5′E,10 km,2.9,2
2019/08/19,19:11:49.0,茨城県北部,36°41.9′N,140°38.4′E,5 km,2.9,1
2019/08/19,17:43:14.8,佐賀県南部,33°24.4′N,130°11.6′E,16 km,3.1,2
2019/08/19,17:38:20.9,新潟県下越沖,38°32.9′N,139°23.9′E,11 km,3.2,1
2019/08/19,13:59:52.1,新潟県中越地方,37°23.3′N,138°47.2′E,9 km,2.6,1
2019/08/18,22:35:49.6,宮城県沖,38°27.1′N,142°00.6′E,42 km,3.8,1
2019/08/18,19:06:40.8,新潟県下越沖,38°32.8′N,139°23.8′E,11 km,4.4,3
2019/08/18,17:17:47.1,広島県北部,35°03.7′N,132°59.0′E,7 km,2.0,1
2019/08/18,02:17:53.1,釧路沖,42°45.5′N,144°50.3′E,82 km,3.8,1
2019/08/16,19:06:05.6,茨城県北部,36°42.6′N,140°36.4′E,9 km,2.6,1
2019/08/15,21:50:26.7,有明海,32°43.5′N,130°36.3′E,13 km,2.6,1
2019/08/15,20:19:06.7,沖縄本島近海,27°12.2′N,128°19.3′E,52 km,3.9,1
2019/08/15,18:15:04.1,十勝沖,42°08.9′N,143°48.7′E,68 km,4.4,2
2019/08/15,18:07:35.5,宮城県沖,38°35.4′N,142°16.7′E,39 km,4.6,1
2019/08/15,17:52:39.4,福島県沖,37°06.7′N,141°13.6′E,62 km,3.8,2
2019/08/15,15:54:44.9,宮城県沖,38°14.0′N,141°49.8′E,62 km,4.0,2
2019/08/15,15:06:08.6,青森県三八上北地方,40°47.5′N,141°19.4′E,91 km,4.5,3
2019/08/15,14:32:52.9,青森県三八上北地方,40°47.5′N,141°20.3′E,93 km,5.5,4
2019/08/15,10:30:34.4,新潟県下越沖,38°36.4′N,139°25.1′E,13 km,3.2,1
2019/08/15,01:25:18.5,和歌山県北部,34°08.8′N,135°09.5′E,4 km,2.2,1
2019/08/14,07:02:51.0,宮城県沖,38°50.2′N,142°24.4′E,49 km,4.3,2
2019/08/14,04:34:55.1,鹿児島県薩摩地方,31°14.7′N,130°38.6′E,9 km,3.0,2
2019/08/13,14:47:52.6,山梨県東部・富士五湖,35°44.8′N,138°57.5′E,23 km,2.8,1
2019/08/13,11:48:49.0,岐阜県飛騨地方,36°03.2′N,137°34.5′E,7 km,2.2,1
2019/08/13,09:18:43.6,山梨県東部・富士五湖,35°32.9′N,139°00.3′E,20 km,2.7,1
2019/08/13,06:05:38.2,天草灘,32°01.3′N,129°50.5′E,13 km,2.8,1
2019/08/13,05:19:57.8,日向灘,32°02.4′N,131°57.8′E,16 km,3.5,1
2019/08/13,00:18:41.2,日高地方西部,42°39.2′N,142°31.3′E,87 km,3.3,1
2019/08/12,23:11:05.2,福島県中通り,37°02.9′N,140°37.1′E,9 km,3.2,1
2019/08/12,21:31:45.5,日向灘,32°02.9′N,131°57.6′E,20 km,3.3,1
2019/08/12,20:51:34.0,和歌山県北部,34°13.2′N,135°09.9′E,6 km,2.6,1
2019/08/12,16:39:04.6,千葉県南東沖,34°50.9′N,139°51.4′E,51 km,3.6,1
2019/08/12,13:36:02.6,大隅半島東方沖,31°13.8′N,131°23.1′E,39 km,3.5,1
2019/08/12,09:13:50.8,新潟県下越沖,38°36.6′N,139°24.5′E,10 km,3.0,1
2019/08/11,04:10:03.2,釧路沖,42°38.4′N,144°06.9′E,62 km,3.8,1
2019/08/10,23:11:06.4,熊本県阿蘇地方,32°56.6′N,131°01.7′E,11 km,2.6,1
2019/08/10,14:25:36.9,胆振地方中東部,42°32.1′N,141°08.9′E,2 km,3.2,1
2019/08/10,12:33:27.8,熊本県熊本地方,32°46.0′N,130°43.4′E,10 km,3.1,2
2019/08/10,02:17:22.9,沖縄本島近海,26°18.2′N,126°38.8′E,77 km,3.9,1
2019/08/09,23:20:35.3,日向灘,32°35.2′N,132°15.3′E,32 km,3.7,1
2019/08/09,17:15:07.4,山梨県東部・富士五湖,35°28.6′N,138°59.3′E,23 km,3.0,2
2019/08/09,15:40:29.6,茨城県沖,36°38.2′N,140°46.1′E,26 km,3.2,1
2019/08/09,14:30:28.9,熊本県熊本地方,32°41.8′N,130°42.9′E,17 km,3.1,1
2019/08/09,06:48:21.8,富山県東部,36°29.2′N,137°14.6′E,7 km,2.9,1
2019/08/09,03:56:46.7,宮古島北西沖,25°37.6′N,124°44.4′E,108 km,4.7,1
2019/08/08,19:39:01.5,愛媛県中予,33°52.8′N,132°45.7′E,42 km,3.7,2
2019/08/08,17:50:06.1,北海道北西沖,44°43.5′N,141°46.8′E,13 km,3.0,2
2019/08/08,14:10:08.2,茨城県南部,36°01.3′N,140°04.7′E,61 km,3.3,1
2019/08/08,11:14:04.4,釧路沖,42°37.4′N,144°56.2′E,51 km,3.9,1
2019/08/08,06:28:03.4,台湾付近,24°22.4′N,121°52.1′E,38 km,6.4,2
2019/08/08,04:24:57.5,鳥取県中部,35°25.8′N,133°49.5′E,11 km,2.6,1
2019/08/07,23:06:38.8,奄美大島北西沖,28°05.7′N,128°09.5′E,9 km,3.5,1
2019/08/07,21:10:42.5,福島県沖,37°11.5′N,141°19.7′E,20 km,4.2,1
2019/08/07,18:22:40.8,愛媛県中予,33°52.8′N,132°45.8′E,42 km,3.6,2
2019/08/06,21:51:59.3,山形県沖,38°37.6′N,139°27.3′E,13 km,2.8,1
2019/08/06,19:03:59.6,宮城県北部,38°48.2′N,140°44.0′E,3 km,2.2,1
2019/08/06,00:01:40.4,福島県沖,36°52.7′N,141°08.2′E,49 km,3.6,1
2019/08/05,14:29:02.3,和歌山県北部,33°47.4′N,135°21.0′E,10 km,2.9,1
2019/08/05,07:29:32.0,宮城県沖,38°10.9′N,141°41.1′E,50 km,3.6,1
2019/08/05,02:11:54.5,岩手県沖,39°38.3′N,142°06.5′E,49 km,3.8,1
2019/08/05,01:06:04.2,宮城県北部,38°55.7′N,141°38.3′E,71 km,3.0,1
2019/08/04,19:23:03.5,福島県沖,37°42.4′N,141°37.9′E,45 km,6.4,5-
2019/08/04,16:16:27.5,大阪府北部,34°50.0′N,135°37.3′E,10 km,2.6,1
2019/08/04,14:44:17.6,新潟県下越沖,38°31.1′N,139°27.5′E,8 km,2.4,1
2019/08/04,03:04:18.5,岩手県沿岸北部,39°39.8′N,141°30.7′E,73 km,4.4,3
2019/08/03,14:23:33.1,宮古島近海,24°46.3′N,125°14.2′E,44 km,3.1,1
2019/08/03,09:08:32.7,新潟県中越地方,36°59.1′N,138°37.4′E,7 km,2.4,1
2019/08/01,22:52:22.0,択捉島付近,44°45.3′N,147°50.9′E,179 km,4.6,1
2019/08/01,19:31:28.1,石狩地方中部,43°02.6′N,141°13.5′E,8 km,3.1,2
2019/07/31,23:25:25.9,宮城県沖,38°51.9′N,141°38.1′E,61 km,3.0,1
2019/07/31,01:43:21.7,熊本県熊本地方,32°46.0′N,130°37.5′E,9 km,2.4,1
2019/07/31,00:15:01.9,奄美大島近海,28°28.9′N,129°02.6′E,10 km,3.6,1
2019/07/30,22:18:16.1,長野県南部,35°49.7′N,137°59.6′E,9 km,3.1,1
2019/07/30,17:31:57.4,長野県中部,36°11.4′N,137°59.2′E,7 km,3.0,2
2019/07/30,15:52:48.3,胆振地方中東部,42°37.2′N,141°59.6′E,28 km,4.2,3
2019/07/30,13:13:48.0,十勝地方南部,42°22.2′N,143°06.3′E,49 km,4.2,2
2019/07/30,12:46:00.1,沖縄本島近海,25°59.9′N,128°24.3′E,44 km,4.6,1
2019/07/30,07:08:02.0,福島県沖,37°42.1′N,141°42.9′E,25 km,4.0,1
2019/07/30,05:37:43.9,八丈島東方沖,32°54.7′N,140°46.6′E,59 km,5.9,3
2019/07/29,05:58:23.7,神奈川県西部,35°21.7′N,139°06.9′E,20 km,2.9,1
2019/07/29,02:50:32.6,沖縄本島近海,26°29.2′N,128°55.8′E,45 km,4.3,1
2019/07/29,00:34:57.4,千葉県東方沖,35°48.7′N,140°56.4′E,24 km,4.3,3
2019/07/29,00:05:06.3,奄美大島北西沖,28°05.1′N,128°11.2′E,12 km,4.0,1
2019/07/28,20:54:51.0,日向灘,32°37.9′N,132°15.8′E,32 km,3.1,1
2019/07/28,18:06:19.9,沖縄本島近海,26°48.2′N,127°44.7′E,15 km,4.0,1
2019/07/28,16:41:18.5,茨城県南部,36°11.4′N,139°47.9′E,55 km,3.0,1
2019/07/28,03:31:06.7,三重県南東沖,33°09.6′N,137°23.8′E,393 km,6.6,4
2019/07/27,02:11:49.5,日向灘,31°45.4′N,131°54.9′E,26 km,4.3,2
2019/07/26,23:40:40.3,釧路沖,43°00.6′N,145°17.2′E,88 km,3.6,1
2019/07/26,20:31:46.1,福井県嶺北,35°56.0′N,136°19.9′E,6 km,2.2,1
2019/07/26,08:08:04.2,岐阜県美濃中西部,35°48.3′N,136°57.4′E,9 km,2.3,1
2019/07/25,15:10:08.6,石狩地方中部,43°02.6′N,141°13.5′E,7 km,2.6,1
2019/07/25,14:22:45.5,宮城県沖,38°48.9′N,141°48.6′E,65 km,3.7,1
2019/07/25,07:14:22.6,千葉県東方沖,35°08.8′N,140°34.1′E,58 km,5.1,3
2019/07/25,07:10:42.1,宮城県沖,38°47.4′N,142°02.2′E,54 km,3.7,1
2019/07/25,04:14:52.7,熊本県熊本地方,32°41.5′N,130°42.7′E,17 km,2.6,1
2019/07/25,02:49:15.5,新潟県下越沖,38°34.6′N,139°24.9′E,11 km,2.4,1
2019/07/24,18:33:26.8,千葉県東方沖,35°48.7′N,140°56.6′E,25 km,3.2,1
2019/07/24,10:23:12.2,茨城県南部,36°04.9′N,139°52.7′E,45 km,3.4,1
2019/07/24,00:08:28.8,熊本県熊本地方,32°45.9′N,130°37.4′E,9 km,2.8,1
2019/07/23,21:34:32.6,福島県会津,37°04.9′N,139°20.7′E,8 km,2.8,2
2019/07/23,15:28:07.8,千葉県北西部,35°38.4′N,140°09.8′E,67 km,3.9,2
2019/07/23,10:38:54.6,オホーツク海南部,44°54.4′N,145°27.5′E,30 km,3.6,1
2019/07/23,09:10:08.0,千葉県東方沖,35°39.6′N,140°45.0′E,49 km,4.2,2
2019/07/23,05:47:00.6,宮古島北西沖,25°09.6′N,124°18.9′E,111 km,5.0,2
2019/07/23,01:13:23.2,北海道北西沖,45°29.4′N,140°58.3′E,4 km,2.0,1
2019/07/22,14:40:48.2,青森県東方沖,41°28.8′N,142°00.1′E,62 km,3.5,1
2019/07/22,13:08:37.9,千葉県東方沖,35°46.0′N,141°03.3′E,27 km,3.5,1
2019/07/22,10:39:13.9,熊本県天草・芦北地方,32°25.8′N,130°29.7′E,11 km,4.0,3
2019/07/22,07:18:56.6,沖縄本島近海,26°48.3′N,127°44.3′E,15 km,3.4,1
2019/07/22,06:37:15.6,沖縄本島近海,26°48.1′N,127°44.5′E,16 km,4.0,1
2019/07/22,06:15:54.2,沖縄本島近海,26°48.3′N,127°44.3′E,17 km,4.2,2
2019/07/22,06:13:20.5,沖縄本島近海,26°48.1′N,127°44.0′E,16 km,4.0,2
2019/07/21,23:07:54.8,紀伊水道,34°08.7′N,135°05.8′E,8 km,2.6,1
2019/07/21,23:01:42.1,十勝沖,42°17.5′N,144°10.7′E,70 km,4.4,2
2019/07/21,10:31:32.0,宮城県沖,38°20.9′N,142°15.0′E,31 km,4.2,1
2019/07/20,17:45:28.1,奄美大島近海,28°23.3′N,129°25.9′E,20 km,2.9,1
2019/07/20,12:56:32.9,宮城県南部,37°58.0′N,140°41.3′E,104 km,3.8,2
2019/07/20,10:27:20.9,茨城県沖,36°22.9′N,140°46.8′E,56 km,3.7,2
2019/07/20,03:00:47.4,宮城県沖,38°56.1′N,141°59.0′E,54 km,3.7,1
2019/07/19,21:05:42.3,国後島付近,43°24.1′N,145°43.9′E,72 km,3.8,2
2019/07/19,14:19:42.8,千葉県北西部,35°37.2′N,140°07.0′E,68 km,3.6,2
2019/07/18,22:39:57.1,茨城県沖,36°12.7′N,141°00.1′E,45 km,3.2,1
2019/07/17,18:00:20.5,宮城県北部,38°57.9′N,141°36.8′E,78 km,4.7,3
2019/07/17,15:59:12.8,天草灘,32°00.8′N,129°42.3′E,11 km,3.3,1
2019/07/17,00:36:35.0,茨城県沖,36°26.8′N,140°59.7′E,45 km,3.3,1
2019/07/17,00:25:43.8,福島県沖,37°10.4′N,141°23.3′E,47 km,4.3,3
2019/07/16,15:33:38.2,岩手県内陸南部,39°01.8′N,140°52.8′E,8 km,3.1,1
2019/07/16,06:35:09.0,青森県東方沖,40°41.9′N,142°39.3′E,26 km,4.0,1
2019/07/16,01:38:11.5,埼玉県北部,36°06.4′N,139°41.2′E,85 km,3.2,1
2019/07/15,03:31:37.3,和歌山県北部,34°08.5′N,135°08.9′E,5 km,2.2,1
2019/07/15,02:59:37.7,岐阜県飛騨地方,36°03.3′N,137°34.4′E,8 km,2.4,1
2019/07/15,01:30:41.0,千葉県東方沖,35°38.1′N,140°40.0′E,50 km,3.6,2
2019/07/14,22:23:17.7,十勝地方中部,42°45.5′N,143°25.3′E,107 km,4.0,3
2019/07/14,22:15:25.9,長野県南部,35°52.4′N,137°42.3′E,10 km,2.1,1
2019/07/14,12:24:16.1,奄美大島近海,27°50.8′N,129°49.0′E,43 km,3.8,1
2019/07/14,06:43:52.6,岩手県沖,40°22.6′N,142°15.7′E,41 km,3.3,1
2019/07/14,04:15:49.6,鹿児島県薩摩地方,32°14.7′N,130°17.8′E,10 km,2.7,1
2019/07/13,22:02:26.3,青森県東方沖,40°54.8′N,141°49.5′E,69 km,3.1,1
2019/07/13,21:57:23.1,父島近海,27°23.3′N,142°22.3′E,52 km,3.8,1
2019/07/13,20:16:20.2,熊本県天草・芦北地方,32°15.9′N,130°30.3′E,5 km,2.2,1
2019/07/13,17:40:35.0,茨城県南部,36°04.7′N,140°00.1′E,66 km,3.3,1
2019/07/13,09:57:43.0,奄美大島北西沖,29°14.1′N,128°10.7′E,256 km,6.0,3
2019/07/13,01:52:08.3,熊本県熊本地方,32°41.8′N,130°40.3′E,12 km,2.4,1
2019/07/12,06:21:57.2,与那国島近海,23°54.2′N,122°53.8′E,29 km,5.5,2
2019/07/11,20:31:52.8,熊本県天草・芦北地方,32°12.3′N,130°25.2′E,5 km,1.9,1
2019/07/11,16:04:25.5,新潟県下越沖,38°33.1′N,139°24.0′E,11 km,4.3,3
2019/07/11,10:53:13.6,岩手県沖,39°38.8′N,142°04.8′E,86 km,3.6,1
2019/07/11,09:13:33.2,千葉県東方沖,35°43.8′N,141°00.0′E,13 km,3.1,1
2019/07/11,05:19:15.6,宮城県沖,38°53.2′N,142°05.0′E,45 km,4.1,2
2019/07/10,20:33:03.2,岐阜県美濃中西部,35°28.1′N,136°44.0′E,9 km,3.6,2
2019/07/10,17:22:24.8,山形県沖,38°37.7′N,139°25.5′E,11 km,3.5,2
2019/07/10,06:13:32.5,紀伊水道,34°03.6′N,135°04.1′E,12 km,3.7,2
2019/07/10,02:13:21.1,千葉県東方沖,35°36.8′N,141°00.4′E,14 km,3.3,1
2019/07/09,20:33:28.3,オホーツク海南部,47°04.4′N,145°16.8′E,489 km,5.6,2
2019/07/09,13:40:36.9,福島県沖,37°25.0′N,141°46.7′E,47 km,3.6,1
2019/07/09,12:56:39.9,熊本県天草・芦北地方,32°15.2′N,130°30.1′E,5 km,2.6,1
2019/07/09,08:24:13.6,山形県沖,38°39.8′N,139°26.6′E,15 km,3.5,1
2019/07/09,07:23:31.2,東京湾,35°35.0′N,139°56.8′E,21 km,3.3,2
2019/07/09,03:35:35.9,与那国島近海,23°47.6′N,122°29.1′E,24 km,4.8,1
2019/07/09,01:24:48.1,茨城県沖,36°27.8′N,141°02.7′E,44 km,3.6,2
2019/07/08,23:37:04.7,豊後水道,33°09.3′N,132°21.9′E,37 km,3.0,1
2019/07/08,23:01:09.0,福岡県北西沖,33°46.9′N,130°05.5′E,12 km,3.4,1
2019/07/08,22:54:21.5,神奈川県西部,35°30.3′N,139°05.1′E,23 km,4.3,3
2019/07/08,19:18:11.9,千葉県南東沖,34°50.6′N,139°58.7′E,54 km,3.8,1
2019/07/08,18:51:02.5,島根県東部,35°18.1′N,133°17.0′E,7 km,2.8,2
2019/07/08,17:20:51.3,茨城県沖,36°38.6′N,140°55.9′E,49 km,3.5,1
2019/07/07,21:02:56.9,熊本県天草・芦北地方,32°15.2′N,130°30.7′E,5 km,2.7,2
2019/07/07,19:02:17.2,栃木県南部,36°25.4′N,139°47.1′E,88 km,3.3,1
2019/07/07,09:56:19.3,熊本県熊本地方,32°46.5′N,130°38.9′E,13 km,3.1,2
2019/07/07,05:34:46.8,福岡県北西沖,33°47.0′N,130°05.6′E,12 km,3.2,1
2019/07/07,03:51:58.1,千葉県東方沖,35°39.2′N,140°44.0′E,48 km,4.3,2
2019/07/07,02:17:26.0,長野県南部,35°55.0′N,137°35.4′E,8 km,2.5,1
2019/07/06,14:37:43.5,鳥取県中部,35°25.9′N,133°49.5′E,7 km,2.3,1
2019/07/06,11:50:43.0,種子島近海,30°24.7′N,131°15.6′E,28 km,3.3,1
2019/07/06,07:33:19.7,青森県東方沖,40°44.7′N,142°12.3′E,47 km,3.1,1
2019/07/06,03:19:41.2,長野県北部,36°36.4′N,138°17.7′E,1 km,2.7,1
2019/07/05,20:26:05.8,福島県沖,37°11.7′N,142°15.7′E,22 km,4.7,1
2019/07/05,16:43:23.4,静岡県伊豆地方,35°02.8′N,139°06.1′E,5 km,3.3,3
2019/07/05,15:04:05.0,静岡県西部,34°52.0′N,137°52.7′E,14 km,3.2,1
2019/07/05,12:52:29.1,岐阜県美濃中西部,35°33.1′N,137°02.8′E,5 km,2.2,1
2019/07/05,09:58:19.9,熊本県天草・芦北地方,32°16.3′N,130°30.6′E,7 km,2.3,1
2019/07/04,09:04:47.9,東京湾,35°37.5′N,140°02.2′E,67 km,3.8,1
2019/07/04,03:06:31.8,根室半島南東沖,43°20.9′N,146°09.3′E,49 km,4.3,3
2019/07/04,02:38:30.1,天草灘,31°59.4′N,129°55.8′E,12 km,2.8,1
2019/07/03,23:24:32.4,新潟県上越地方,37°00.2′N,138°23.0′E,13 km,2.1,1
2019/07/03,14:05:53.3,熊本県天草・芦北地方,32°15.2′N,130°30.4′E,6 km,2.2,1
2019/07/03,11:28:51.1,岩手県沖,39°31.9′N,142°12.6′E,51 km,3.5,1
2019/07/03,02:15:19.3,新潟県下越沖,38°37.2′N,139°24.9′E,12 km,3.4,2
2019/07/02,15:34:12.9,福島県沖,36°58.9′N,141°19.2′E,30 km,4.1,1
2019/07/02,10:00:10.4,宮城県沖,38°22.0′N,141°40.0′E,52 km,4.0,2
2019/07/02,04:03:16.3,沖縄本島近海,26°38.5′N,127°09.9′E,14 km,3.4,1
2019/07/02,00:20:53.0,新潟県中越地方,37°13.9′N,138°37.2′E,14 km,3.2,2
2019/07/01,23:53:25.5,渡島地方東部,41°53.4′N,140°58.8′E,9 km,2.0,1
2019/07/01,16:21:27.1,和歌山県北部,34°12.7′N,135°09.8′E,7 km,2.6,1
2019/07/01,11:23:08.9,千葉県東方沖,35°17.3′N,140°37.7′E,47 km,3.3,1
2019/07/01,10:10:29.4,安芸灘,34°09.6′N,132°22.1′E,13 km,3.1,2
2019/07/01,10:04:21.4,宮城県沖,38°17.6′N,141°45.6′E,56 km,4.1,1
2019/07/01,09:37:34.9,青森県東方沖,41°08.9′N,142°16.9′E,51 km,5.2,2
2019/06/30,15:53:46.5,上川地方南部,43°16.4′N,142°24.2′E,166 km,4.5,2
2019/06/30,12:18:18.6,宮城県沖,38°52.4′N,141°36.9′E,73 km,3.5,1
2019/06/30,10:13:37.1,茨城県沖,36°03.7′N,141°05.8′E,42 km,4.3,2
2019/06/29,20:19:16.1,新潟県下越沖,38°35.0′N,139°23.8′E,12 km,2.6,1
2019/06/29,15:57:46.3,根室半島南東沖,42°48.0′N,146°14.1′E,36 km,3.9,1
2019/06/29,03:46:15.6,土佐湾,33°23.3′N,133°30.9′E,8 km,3.3,1
2019/06/29,03:19:19.7,福島県中通り,37°03.1′N,140°26.4′E,8 km,2.5,2
2019/06/29,00:51:27.9,マリアナ諸島,19°36.8′N,144°38.3′E,456 km,6.7,1
2019/06/29,00:30:19.0,和歌山県北部,34°04.1′N,135°08.2′E,6 km,2.4,1
2019/06/28,20:13:05.9,山形県沖,38°38.8′N,139°26.9′E,13 km,3.5,1
2019/06/28,18:19:59.9,青森県東方沖,41°35.3′N,141°55.4′E,65 km,3.9,1
2019/06/28,07:57:44.1,北海道南西沖,42°29.1′N,139°18.3′E,26 km,3.2,1
2019/06/28,04:29:42.9,岩手県沖,40°07.2′N,142°26.8′E,34 km,4.1,1
2019/06/27,22:08:33.4,埼玉県南部,36°05.0′N,139°44.5′E,52 km,3.4,2
2019/06/27,13:21:26.3,熊本県天草・芦北地方,32°15.8′N,130°30.4′E,6 km,3.0,2
2019/06/27,11:25:15.8,熊本県天草・芦北地方,32°16.0′N,130°30.6′E,7 km,3.1,2
2019/06/27,10:40:49.2,熊本県天草・芦北地方,32°16.1′N,130°30.8′E,8 km,3.0,2
2019/06/27,10:34:57.7,熊本県天草・芦北地方,32°16.0′N,130°30.6′E,7 km,3.2,2
2019/06/27,10:32:32.7,熊本県天草・芦北地方,32°16.0′N,130°30.6′E,7 km,3.5,3
2019/06/27,10:26:21.9,熊本県天草・芦北地方,32°16.1′N,130°30.5′E,7 km,2.5,1
2019/06/27,10:03:34.3,沖縄本島近海,26°20.6′N,127°38.0′E,50 km,3.2,1
2019/06/27,07:16:13.6,茨城県北部,36°44.5′N,140°31.9′E,73 km,3.4,1
2019/06/27,05:53:39.6,長野県南部,35°54.4′N,137°37.6′E,9 km,2.4,1
2019/06/26,23:59:04.6,福島県会津,36°58.4′N,139°22.1′E,5 km,1.4,1
2019/06/26,22:46:58.0,茨城県北部,36°42.4′N,140°36.6′E,10 km,3.5,2
2019/06/26,22:39:34.2,奈良県,34°44.5′N,135°55.9′E,10 km,2.7,1
2019/06/26,17:01:29.1,岩手県沖,40°10.6′N,142°03.7′E,43 km,3.3,1
2019/06/26,14:40:55.7,新潟県中越地方,37°10.6′N,138°36.8′E,10 km,1.8,1
2019/06/26,13:17:14.2,北海道東方沖,43°49.9′N,147°02.4′E,99 km,4.5,2
2019/06/26,10:06:18.3,石川県能登地方,37°27.7′N,137°15.3′E,9 km,2.6,2
2019/06/26,02:08:20.4,千葉県東方沖,35°24.5′N,140°24.1′E,57 km,3.4,2
2019/06/25,22:25:27.1,鹿児島県薩摩地方,31°52.1′N,130°41.9′E,8 km,2.0,1
2019/06/25,14:19:16.8,日向灘,31°47.1′N,131°56.2′E,27 km,4.0,1
2019/06/25,08:31:08.5,滋賀県北部,35°18.6′N,135°59.0′E,17 km,3.0,2
2019/06/24,23:34:38.5,徳島県北部,34°03.3′N,134°26.8′E,9 km,2.5,1
2019/06/24,22:25:00.3,伊豆半島東方沖,35°03.3′N,139°05.9′E,7 km,2.3,2
2019/06/24,20:17:38.3,宮城県沖,38°40.9′N,141°31.6′E,68 km,3.3,1
2019/06/24,19:22:39.4,伊豆半島東方沖,35°04.0′N,139°06.0′E,8 km,4.1,4
2019/06/24,13:41:01.9,千葉県北西部,35°48.1′N,140°05.2′E,63 km,3.2,1
2019/06/24,09:15:31.8,千葉県南東沖,34°56.5′N,139°58.3′E,60 km,3.2,1
2019/06/24,09:11:44.1,千葉県南東沖,34°55.7′N,139°57.8′E,61 km,5.2,4
2019/06/23,13:44:20.9,熊本県天草・芦北地方,32°17.3′N,130°31.3′E,8 km,2.7,1
2019/06/23,08:26:48.3,新潟県下越沖,38°36.7′N,139°23.2′E,12 km,3.4,2
2019/06/23,06:49:23.2,新潟県下越沖,38°36.6′N,139°23.3′E,11 km,3.0,1
2019/06/23,06:00:05.1,与那国島近海,23°46.4′N,122°55.8′E,45 km,4.4,1
2019/06/22,21:56:17.7,種子島近海,30°32.3′N,131°18.9′E,36 km,3.8,1
2019/06/22,20:45:37.8,茨城県沖,36°25.9′N,140°41.0′E,52 km,3.7,2
2019/06/22,14:15:01.7,岩手県沖,40°17.7′N,142°17.7′E,38 km,3.6,1
2019/06/22,06:22:56.9,山梨県中・西部,35°14.2′N,138°25.9′E,16 km,2.4,1
2019/06/22,02:26:48.4,茨城県北部,36°27.3′N,140°36.0′E,56 km,3.1,1
2019/06/21,12:41:10.8,浦河沖,42°05.9′N,142°34.0′E,53 km,3.8,1
2019/06/21,07:04:41.5,新潟県下越沖,38°35.9′N,139°22.2′E,11 km,2.8,1
2019/06/21,05:33:23.3,山形県沖,38°36.4′N,139°27.1′E,13 km,4.0,3
2019/06/20,23:27:36.6,新潟県下越沖,38°33.1′N,139°24.1′E,10 km,3.3,1
2019/06/20,06:18:15.9,岐阜県美濃中西部,35°24.6′N,136°44.3′E,12 km,3.3,2
2019/06/20,06:14:31.4,和歌山県北部,34°05.6′N,135°08.1′E,6 km,2.5,1
2019/06/20,05:09:47.7,千葉県南東沖,34°38.8′N,140°13.8′E,74 km,3.4,1
2019/06/20,01:55:47.8,千葉県南東沖,35°00.6′N,140°11.7′E,76 km,4.4,2
2019/06/19,14:15:56.3,新潟県下越沖,38°36.5′N,139°23.3′E,12 km,3.4,2
2019/06/19,11:35:48.6,大隅半島東方沖,31°12.0′N,131°32.6′E,28 km,4.1,2
2019/06/19,07:46:07.3,広島県南西部,34°31.3′N,132°10.3′E,8 km,2.4,1
2019/06/19,06:37:32.6,山形県沖,38°37.8′N,139°27.7′E,14 km,2.9,1
2019/06/19,05:58:42.5,広島県南西部,34°24.7′N,132°19.7′E,5 km,2.4,2
2019/06/19,05:04:29.1,千葉県東方沖,35°48.6′N,140°53.1′E,16 km,3.4,1
2019/06/19,05:00:31.6,茨城県沖,36°25.6′N,140°39.6′E,53 km,3.3,2
2019/06/19,03:54:21.9,新潟県下越沖,38°35.2′N,139°24.3′E,12 km,3.3,2
2019/06/19,03:02:05.0,山形県沖,38°38.5′N,139°29.1′E,15 km,2.9,1
2019/06/19,03:01:12.0,新潟県下越沖,38°34.7′N,139°24.9′E,12 km,2.8,1
2019/06/19,02:59:11.9,山形県沖,38°37.4′N,139°25.3′E,12 km,2.9,1
2019/06/19,02:32:51.2,山形県沖,38°37.5′N,139°26.7′E,13 km,2.7,1
2019/06/19,01:55:58.5,山形県沖,38°37.4′N,139°29.8′E,15 km,3.0,1
2019/06/19,01:06:26.3,山形県沖,38°37.4′N,139°27.1′E,12 km,3.1,1
2019/06/19,00:57:24.4,新潟県下越沖,38°33.6′N,139°23.7′E,12 km,4.2,4
2019/06/19,00:35:09.4,山形県沖,38°37.2′N,139°25.4′E,12 km,2.9,1
2019/06/19,00:27:06.1,新潟県下越沖,38°36.9′N,139°26.7′E,12 km,3.1,2
2019/06/19,00:23:58.7,新潟県下越沖,38°36.7′N,139°25.2′E,12 km,3.6,2
2019/06/19,00:06:59.4,山形県沖,38°38.1′N,139°29.2′E,13 km,3.3,1
2019/06/18,23:57:49.5,新潟県下越沖,38°35.1′N,139°23.7′E,12 km,3.3,2
2019/06/18,23:55:14.4,新潟県下越沖,38°35.8′N,139°24.3′E,13 km,2.7,1
2019/06/18,23:41:14.8,新潟県下越沖,38°35.8′N,139°25.1′E,13 km,3.1,1
2019/06/18,23:14:46.2,山形県沖,38°38.3′N,139°27.1′E,13 km,3.6,2
2019/06/18,23:12:17.1,山形県沖,38°37.9′N,139°25.9′E,11 km,2.7,1
2019/06/18,23:10:28.7,山形県沖,38°38.4′N,139°26.9′E,12 km,3.2,1
2019/06/18,23:09:33.3,山形県沖,38°39.2′N,139°26.5′E,10 km,3.5,1
2019/06/18,23:07:23.7,宮城県北部,38°48.5′N,140°42.0′E,3 km,1.7,1
2019/06/18,23:05:57.9,新潟県下越沖,38°35.1′N,139°24.4′E,11 km,2.6,1
2019/06/18,22:58:10.1,根室半島南東沖,43°05.6′N,146°41.6′E,60 km,3.6,1
2019/06/18,22:55:27.4,新潟県下越沖,38°33.1′N,139°24.8′E,10 km,2.8,1
2019/06/18,22:51:22.5,新潟県下越沖,38°36.1′N,139°26.9′E,12 km,3.0,1
2019/06/18,22:41:23.4,新潟県下越沖,38°35.1′N,139°24.5′E,12 km,4.1,3
2019/06/18,22:37:20.8,山形県沖,38°37.2′N,139°26.8′E,12 km,3.8,3
2019/06/18,22:36:34.6,新潟県下越沖,38°35.4′N,139°25.6′E,14 km,2.6,1
2019/06/18,22:30:40.0,山形県沖,38°36.4′N,139°28.6′E,14 km,3.0,1
2019/06/18,22:30:14.1,山形県沖,38°36.6′N,139°27.3′E,9 km,3.3,1
2019/06/18,22:29:47.8,山形県沖,38°38.0′N,139°31.3′E,13 km,3.3,1
2019/06/18,22:28:48.9,山形県沖,38°40.8′N,139°27.1′E,10 km,3.2,1
2019/06/18,22:27:57.5,山形県沖,38°37.0′N,139°29.4′E,13 km,4.0,3
2019/06/18,22:26:49.4,山形県沖,38°39.0′N,139°30.1′E,13 km,3.8,2
2019/06/18,22:22:19.9,山形県沖,38°36.4′N,139°28.7′E,14 km,6.7,6+
2019/06/18,15:41:08.2,遠州灘,34°17.7′N,137°53.7′E,308 km,3.7,1
2019/06/18,07:22:06.8,秋田県内陸北部,40°03.0′N,140°35.9′E,6 km,3.9,2
2019/06/18,06:01:01.5,新島・神津島近海,34°14.4′N,139°09.2′E,9 km,2.1,1
2019/06/17,19:08:58.1,北海道東方沖,43°07.8′N,146°54.9′E,50 km,4.4,1
2019/06/17,17:18:49.0,長野県南部,35°54.2′N,137°37.9′E,9 km,3.5,3
2019/06/17,14:44:03.8,大阪府北部,34°50.1′N,135°37.6′E,10 km,2.5,1
2019/06/17,13:21:03.3,日向灘,32°38.2′N,132°16.2′E,32 km,3.6,1
2019/06/17,08:00:09.4,茨城県北部,36°30.9′N,140°35.0′E,77 km,5.1,4
2019/06/16,16:23:54.7,大阪府北部,34°51.4′N,135°38.0′E,12 km,2.5,1
2019/06/16,14:18:32.5,宮城県沖,38°17.6′N,141°55.2′E,51 km,3.6,1
2019/06/16,11:53:06.3,茨城県沖,36°16.2′N,140°55.8′E,38 km,3.3,1
2019/06/16,08:59:54.9,大阪府北部,34°51.4′N,135°38.1′E,12 km,2.9,1
2019/06/15,18:10:56.0,熊本県熊本地方,32°48.0′N,130°49.7′E,6 km,3.1,2
2019/06/15,18:08:54.1,熊本県熊本地方,32°48.1′N,130°49.5′E,6 km,2.2,1
2019/06/15,17:20:23.1,釧路沖,42°52.8′N,144°55.0′E,50 km,4.0,2
2019/06/15,16:10:27.5,宮城県沖,38°25.8′N,141°50.9′E,57 km,3.5,1
2019/06/15,13:47:45.2,岩手県沖,39°02.1′N,142°44.7′E,29 km,4.7,2
2019/06/15,11:53:23.0,熊本県熊本地方,32°38.6′N,130°41.2′E,11 km,3.1,2
2019/06/15,11:46:33.8,宮城県沖,38°42.3′N,142°16.6′E,37 km,3.8,1
2019/06/15,11:38:42.2,千葉県北東部,35°25.4′N,140°19.4′E,15 km,1.8,1
2019/06/15,07:25:06.6,山口県東部,34°13.7′N,132°05.7′E,11 km,3.4,1
2019/06/15,05:57:06.1,福島県会津,36°58.4′N,139°22.2′E,5 km,1.9,1
2019/06/15,05:54:45.4,日向灘,32°14.4′N,132°08.0′E,18 km,4.1,2
2019/06/14,23:33:18.8,茨城県沖,36°47.0′N,141°04.9′E,47 km,3.6,1
2019/06/14,21:33:59.8,日高地方東部,42°19.2′N,143°03.8′E,52 km,3.7,1
2019/06/14,09:52:28.6,鹿児島県薩摩地方,31°51.9′N,130°42.0′E,8 km,2.4,1
2019/06/13,21:30:25.5,宮城県沖,38°16.9′N,141°37.6′E,54 km,3.7,1
2019/06/13,19:01:32.2,静岡県西部,34°52.1′N,137°52.8′E,14 km,2.8,1
2019/06/13,18:44:46.1,岐阜県美濃東部,35°46.2′N,137°23.4′E,11 km,2.5,1
2019/06/13,17:23:29.3,静岡県西部,34°52.1′N,137°52.9′E,14 km,3.2,1
2019/06/13,11:06:36.7,茨城県沖,36°06.0′N,140°59.5′E,36 km,3.0,1
2019/06/13,09:56:13.2,十勝沖,41°02.5′N,144°09.7′E,63 km,4.7,1
2019/06/12,20:54:35.5,青森県津軽北部,41°08.1′N,140°32.2′E,13 km,2.4,1
2019/06/12,19:35:08.0,宮城県沖,38°13.9′N,141°41.8′E,50 km,4.2,2
2019/06/12,15:04:09.9,熊本県天草・芦北地方,32°26.9′N,130°32.7′E,9 km,2.7,1
2019/06/11,22:14:16.2,宮城県沖,38°42.1′N,141°47.6′E,53 km,2.8,1
2019/06/11,17:04:18.3,熊本県天草・芦北地方,32°16.2′N,130°30.6′E,7 km,2.7,1
2019/06/11,10:59:06.6,千葉県北西部,35°48.3′N,140°11.4′E,60 km,3.7,2
2019/06/11,10:21:18.1,宮城県沖,38°24.9′N,141°38.9′E,59 km,4.5,3
2019/06/11,10:12:14.7,薩摩半島西方沖,31°35.1′N,130°19.7′E,7 km,2.9,2
2019/06/11,04:44:18.5,西表島付近,24°15.1′N,123°49.0′E,15 km,3.2,1
2019/06/11,02:18:56.5,北海道東方沖,43°25.7′N,146°39.7′E,45 km,4.6,2
2019/06/11,00:25:41.2,静岡県中部,34°55.8′N,138°13.8′E,29 km,4.0,2
2019/06/10,23:17:39.1,広島県北部,34°32.7′N,132°16.5′E,17 km,3.0,1
2019/06/10,22:12:34.6,宮城県沖,38°54.1′N,142°06.4′E,45 km,4.1,2
2019/06/10,22:00:55.7,鹿児島県薩摩地方,31°17.4′N,130°28.2′E,152 km,3.9,1
2019/06/10,20:33:57.1,熊本県熊本地方,32°36.9′N,130°42.0′E,5 km,2.2,1
2019/06/10,13:04:52.6,宮古島近海,24°50.1′N,125°00.4′E,24 km,3.5,1
2019/06/10,11:08:12.9,福島県会津,37°26.1′N,139°40.9′E,4 km,2.7,2
2019/06/10,10:39:42.6,兵庫県南東部,35°03.5′N,134°55.8′E,13 km,2.5,1
2019/06/10,10:00:03.4,茨城県沖,36°19.9′N,140°55.2′E,46 km,3.2,1
2019/06/10,03:03:07.6,千葉県南部,35°01.7′N,139°59.5′E,46 km,2.8,1
2019/06/09,09:26:16.2,宮城県北部,38°44.2′N,141°33.2′E,59 km,3.5,2
2019/06/09,05:33:34.1,岩手県沖,39°01.7′N,142°07.8′E,49 km,3.9,2
2019/06/08,18:53:23.7,鳥取県中部,35°25.7′N,133°49.5′E,7 km,2.1,1
2019/06/08,18:15:43.7,種子島近海,30°35.7′N,131°07.6′E,31 km,3.3,1
2019/06/08,12:45:58.6,茨城県南部,36°11.2′N,139°58.1′E,52 km,4.0,3
2019/06/07,19:08:41.3,茨城県南部,35°53.0′N,140°43.9′E,22 km,4.0,2
2019/06/07,13:29:39.5,熊本県天草・芦北地方,32°21.4′N,130°28.8′E,9 km,2.6,1
2019/06/07,11:58:14.0,福島県沖,37°11.4′N,142°17.6′E,64 km,4.3,1
2019/06/07,08:43:50.8,茨城県沖,36°28.6′N,141°01.7′E,44 km,3.8,2
2019/06/07,04:31:36.8,鳥取県中部,35°25.8′N,133°49.6′E,7 km,2.4,1
2019/06/06,20:31:53.5,熊本県天草・芦北地方,32°16.2′N,130°30.6′E,6 km,2.8,1
2019/06/06,11:26:21.4,日向灘,32°41.8′N,132°17.6′E,34 km,3.2,1
2019/06/06,05:15:09.6,茨城県南部,36°02.7′N,139°55.9′E,43 km,3.8,3
2019/06/05,18:11:54.3,千葉県東方沖,35°51.9′N,140°53.1′E,35 km,3.0,1
2019/06/05,14:59:43.7,栃木県北部,36°39.3′N,139°27.9′E,4 km,2.5,1
2019/06/05,10:26:54.8,十勝地方南部,42°19.5′N,143°04.0′E,51 km,4.0,1
2019/06/05,09:15:33.1,奄美大島北東沖,29°19.1′N,129°57.4′E,56 km,3.5,1
2019/06/05,07:03:07.5,岐阜県美濃中西部,35°38.0′N,136°59.5′E,8 km,2.6,1
2019/06/05,06:09:35.3,福島県沖,37°09.0′N,141°15.0′E,21 km,4.5,2
2019/06/04,13:39:15.9,鳥島近海,29°03.3′N,139°39.7′E,445 km,6.2,4
2019/06/03,21:04:21.9,長野県南部,35°52.3′N,138°08.0′E,11 km,3.4,2
2019/06/03,16:45:15.9,宮城県沖,38°38.2′N,141°54.2′E,47 km,3.6,1
2019/06/03,16:13:02.4,山形県村山地方,38°27.2′N,140°30.2′E,10 km,2.9,1
2019/06/03,15:25:33.0,熊本県阿蘇地方,33°00.0′N,131°13.2′E,12 km,2.9,1
2019/06/03,01:57:39.2,安芸灘,34°09.7′N,132°27.8′E,17 km,3.2,2
2019/06/02,20:29:02.8,日高地方西部,42°47.3′N,142°38.6′E,87 km,3.7,2
2019/06/02,19:41:14.8,東京湾,35°04.9′N,139°48.8′E,70 km,3.3,1
2019/06/02,16:21:07.8,福島県沖,36°59.4′N,141°07.2′E,63 km,3.5,1
2019/06/02,12:18:47.7,胆振地方中東部,42°47.3′N,142°00.1′E,36 km,3.6,2
2019/06/02,05:14:01.4,硫黄島近海,23°37.9′N,142°22.5′E,132 km,5.7,1
2019/06/01,23:04:16.0,岩手県沖,40°21.1′N,142°04.6′E,50 km,3.7,1
2019/06/01,16:16:11.7,栃木県北部,36°37.2′N,139°28.2′E,6 km,3.0,2
2019/06/01,07:58:10.6,千葉県北東部,35°22.1′N,140°17.6′E,35 km,4.7,4
2019/06/01,03:19:18.6,宮城県沖,38°51.2′N,142°03.0′E,46 km,3.6,1
2019/05/31,22:48:55.5,胆振地方中東部,42°49.1′N,141°59.1′E,36 km,4.1,3
2019/05/31,14:27:08.1,釧路沖,42°49.5′N,145°31.1′E,46 km,3.6,2
2019/05/31,08:46:56.9,沖縄本島近海,26°35.4′N,127°56.9′E,36 km,3.2,1
2019/05/30,20:32:58.1,茨城県北部,36°41.1′N,140°40.0′E,11 km,3.4,2
2019/05/30,15:20:24.2,周防灘,33°45.2′N,131°29.8′E,13 km,3.1,2
2019/05/30,15:19:54.0,福島県沖,36°55.9′N,141°17.6′E,43 km,3.8,1
2019/05/30,05:41:58.5,和歌山県北部,34°06.3′N,135°11.4′E,3 km,2.9,2
2019/05/30,03:53:44.7,茨城県北部,36°42.2′N,140°37.9′E,6 km,2.7,1
2019/05/30,01:02:55.2,十勝地方北部,43°31.5′N,143°38.5′E,9 km,3.9,2
2019/05/29,23:09:13.1,釧路地方中南部,43°18.8′N,144°29.2′E,136 km,3.6,1
2019/05/29,17:30:04.2,静岡県中部,35°06.2′N,138°13.6′E,29 km,2.9,1
2019/05/29,14:29:02.0,日向灘,32°07.5′N,131°41.3′E,38 km,3.1,1
2019/05/28,20:36:36.5,福島県浜通り,36°57.9′N,140°42.1′E,20 km,3.3,1
2019/05/28,18:41:26.5,沖縄本島近海,27°16.1′N,128°36.2′E,17 km,2.4,1
2019/05/28,10:29:50.9,北海道東方沖,43°25.2′N,146°53.2′E,70 km,4.4,1
2019/05/28,06:25:17.8,千葉県北西部,35°41.6′N,140°02.7′E,68 km,3.2,1
2019/05/27,20:40:23.3,千葉県北東部,35°29.7′N,140°22.8′E,28 km,2.4,1
2019/05/27,15:02:57.6,宮城県沖,38°32.1′N,141°42.8′E,53 km,3.7,1
2019/05/27,12:54:28.9,大阪府北部,34°52.1′N,135°37.0′E,10 km,2.4,1
2019/05/27,04:04:15.2,茨城県北部,36°41.5′N,140°39.1′E,11 km,4.3,4
2019/05/26,16:59:37.0,静岡県西部,34°50.8′N,137°56.0′E,30 km,3.2,1
2019/05/26,15:29:10.5,青森県下北地方,41°19.0′N,141°12.4′E,7 km,1.5,1
2019/05/26,09:26:22.4,奄美大島北東沖,29°27.5′N,130°41.5′E,53 km,4.5,1
2019/05/26,09:11:11.8,岐阜県飛騨地方,36°00.6′N,137°17.4′E,13 km,3.1,2
2019/05/26,08:24:11.7,岐阜県飛騨地方,36°00.5′N,137°17.4′E,13 km,2.9,1
2019/05/26,08:09:41.3,宮城県沖,38°41.9′N,141°47.7′E,52 km,2.9,1
2019/05/26,05:12:04.6,胆振地方中東部,42°33.7′N,141°58.6′E,36 km,2.9,1
2019/05/26,00:29:25.3,伊豆半島東方沖,35°03.2′N,139°06.0′E,7 km,2.7,2
2019/05/25,22:15:41.9,伊豆大島近海,34°44.1′N,139°24.3′E,0 km,2.2,1
2019/05/25,15:40:08.0,広島県南西部,34°25.9′N,132°24.7′E,19 km,3.2,2
2019/05/25,15:20:46.6,千葉県北東部,35°21.4′N,140°17.4′E,38 km,5.1,5-
2019/05/25,04:48:24.3,山梨県中・西部,35°17.0′N,138°28.2′E,18 km,2.2,1
2019/05/24,13:25:11.3,奈良県,34°05.5′N,135°34.7′E,62 km,3.8,1
2019/05/24,12:40:17.1,埼玉県南部,35°57.0′N,139°24.8′E,106 km,4.1,3
2019/05/24,09:58:20.0,胆振地方中東部,42°43.8′N,141°59.6′E,36 km,2.8,1
2019/05/24,04:19:33.8,岐阜県美濃中西部,35°45.6′N,136°52.8′E,12 km,2.8,1
2019/05/24,04:09:31.9,新潟県中越地方,37°29.3′N,138°42.0′E,28 km,2.8,1
2019/05/23,23:22:46.1,長野県北部,36°54.9′N,138°34.3′E,4 km,2.0,1
2019/05/23,19:20:49.0,福岡県筑後地方,33°04.3′N,130°29.9′E,13 km,3.7,2
2019/05/23,15:51:52.6,富山県西部,36°22.5′N,136°52.6′E,8 km,2.2,1
2019/05/23,14:13:50.3,奄美大島近海,27°56.2′N,128°54.4′E,45 km,3.9,2
2019/05/23,09:02:13.4,日向灘,31°56.1′N,131°52.9′E,27 km,3.8,1
2019/05/23,01:20:08.7,愛媛県南予,33°28.9′N,132°16.1′E,47 km,3.5,1
2019/05/23,00:38:25.7,鹿児島県薩摩地方,31°20.5′N,130°33.8′E,8 km,2.2,1
2019/05/22,18:20:55.8,茨城県北部,36°28.5′N,140°31.8′E,58 km,3.4,1
2019/05/21,07:17:34.8,大阪府北部,34°53.4′N,135°35.7′E,11 km,3.5,3
2019/05/21,06:59:16.8,熊本県熊本地方,32°38.6′N,130°42.5′E,13 km,2.8,1
2019/05/20,21:22:48.2,トカラ列島近海,29°17.3′N,129°19.5′E,15 km,2.6,1
2019/05/20,17:04:31.7,新島・神津島近海,34°20.8′N,139°13.9′E,6 km,2.1,1
2019/05/20,15:25:06.5,宮城県沖,38°26.1′N,141°49.5′E,56 km,3.5,1
2019/05/20,07:48:56.6,千葉県南東沖,35°00.0′N,140°04.6′E,17 km,3.9,3
2019/05/19,23:50:11.0,日向灘,32°38.1′N,132°15.9′E,31 km,4.0,2
2019/05/19,10:59:52.1,日向灘,31°56.6′N,131°53.2′E,29 km,4.0,1
2019/05/19,08:53:38.2,静岡県東部,35°13.0′N,138°59.7′E,2 km,2.6,1
2019/05/19,05:39:45.5,千葉県北西部,35°38.9′N,140°03.4′E,68 km,3.0,1
2019/05/19,02:56:21.3,北海道東方沖,43°18.4′N,147°05.4′E,29 km,4.3,1
2019/05/18,21:56:09.5,宮城県沖,38°51.9′N,142°01.7′E,46 km,3.3,1
2019/05/18,10:18:03.3,宮城県北部,38°54.4′N,141°35.3′E,78 km,4.6,3
2019/05/18,03:27:50.7,日向灘,32°42.7′N,132°17.5′E,36 km,3.5,1
2019/05/18,00:18:12.0,胆振地方中東部,42°48.3′N,142°08.1′E,0 km,2.0,1
2019/05/17,23:00:41.5,小笠原諸島西方沖,28°07.2′N,140°08.0′E,448 km,4.6,1
2019/05/17,16:21:23.5,大阪府北部,34°52.8′N,135°40.6′E,12 km,2.3,1
2019/05/17,14:42:24.8,島根県西部,35°11.1′N,132°35.3′E,13 km,3.3,2
2019/05/17,01:04:44.1,岩手県沖,39°06.0′N,142°12.2′E,43 km,3.9,1
2019/05/15,21:39:16.2,奄美大島近海,28°10.2′N,130°25.4′E,24 km,3.4,1
2019/05/15,21:38:22.4,奄美大島近海,28°06.3′N,130°24.9′E,24 km,4.0,2
2019/05/15,20:53:07.8,茨城県北部,36°41.4′N,140°37.1′E,9 km,2.9,1
2019/05/15,14:24:31.2,奄美大島北東沖,29°44.6′N,130°41.1′E,36 km,5.7,3
2019/05/15,05:55:27.2,北海道東方沖,43°36.2′N,147°50.1′E,5 km,5.0,1
2019/05/14,18:30:49.9,父島近海,27°18.6′N,142°43.3′E,41 km,4.4,1
2019/05/14,13:24:40.3,千葉県東方沖,35°43.5′N,140°59.7′E,36 km,3.2,1
2019/05/14,05:29:28.0,大分県西部,33°06.5′N,131°11.9′E,3 km,3.2,2
2019/05/13,23:54:19.8,熊本県球磨地方,32°14.9′N,130°37.1′E,5 km,2.3,1
2019/05/13,18:59:34.9,福島県沖,37°09.3′N,141°14.8′E,21 km,4.7,2
2019/05/13,15:05:41.9,宮城県沖,38°23.8′N,141°53.1′E,55 km,3.7,1
2019/05/13,14:53:59.9,熊本県熊本地方,32°33.9′N,130°42.8′E,9 km,3.0,1
2019/05/13,11:58:45.8,硫黄島近海,25°22.0′N,142°29.0′E,69 km,4.7,1
2019/05/13,01:13:06.9,日向灘,32°41.7′N,132°17.7′E,36 km,3.2,1
2019/05/12,15:07:43.7,日向灘,32°42.3′N,132°17.6′E,37 km,4.3,3
2019/05/12,05:46:59.9,奄美大島近海,28°09.0′N,130°21.5′E,24 km,3.2,1
2019/05/11,14:17:20.2,釧路沖,42°24.4′N,144°38.5′E,48 km,2.6,1
2019/05/11,12:53:13.5,茨城県北部,36°42.8′N,140°36.6′E,7 km,2.9,1
2019/05/11,08:59:40.0,日向灘,32°41.4′N,132°17.6′E,36 km,5.0,4
2019/05/11,00:33:06.9,群馬県北部,36°42.8′N,139°19.5′E,7 km,2.5,1
2019/05/10,20:40:34.9,日向灘,31°45.5′N,131°53.7′E,27 km,4.7,2
2019/05/10,19:48:16.7,茨城県沖,36°50.4′N,141°22.0′E,44 km,3.6,1
2019/05/10,18:10:58.8,秋田県沿岸北部,39°54.1′N,139°57.8′E,16 km,3.7,2
2019/05/10,13:53:52.0,日向灘,31°46.1′N,131°53.4′E,25 km,4.3,1
2019/05/10,09:07:35.7,日向灘,31°46.0′N,131°56.9′E,24 km,4.9,3
2019/05/10,08:52:11.8,日向灘,31°46.5′N,131°56.4′E,24 km,3.9,1
2019/05/10,08:48:41.6,日向灘,31°48.0′N,131°58.4′E,25 km,6.3,5-
2019/05/10,07:44:51.2,日向灘,31°46.4′N,131°57.2′E,23 km,4.4,2
2019/05/10,07:43:21.2,日向灘,31°47.1′N,131°59.5′E,25 km,5.6,3
2019/05/09,21:42:34.9,千葉県東方沖,35°48.2′N,140°59.0′E,30 km,3.0,1
2019/05/09,21:02:40.7,相模湾,35°10.2′N,139°19.1′E,148 km,3.7,1
2019/05/09,16:03:37.4,父島近海,26°24.4′N,142°39.2′E,0 km,不明,1
2019/05/09,14:06:39.2,熊本県熊本地方,32°50.0′N,130°50.1′E,9 km,2.5,1
2019/05/09,12:04:38.6,熊本県熊本地方,32°39.5′N,130°41.4′E,9 km,2.1,1
2019/05/09,09:44:09.6,宮城県沖,38°47.9′N,142°01.7′E,45 km,3.2,1
2019/05/08,18:02:04.9,熊本県熊本地方,32°39.7′N,130°43.3′E,7 km,2.0,2
2019/05/08,09:22:30.1,青森県東方沖,40°41.4′N,142°42.1′E,21 km,4.2,1
2019/05/08,09:20:00.8,岩手県沖,40°04.4′N,142°06.9′E,48 km,4.4,4
2019/05/08,08:24:31.4,宮古島近海,24°49.4′N,125°22.8′E,50 km,3.9,2
2019/05/08,02:58:29.8,択捉島南東沖,44°06.2′N,148°02.2′E,0 km,4.9,1
2019/05/07,23:42:23.1,関東東方沖,35°21.1′N,142°40.0′E,59 km,4.8,1
2019/05/07,22:22:01.7,宮城県沖,38°46.9′N,142°00.3′E,36 km,3.8,2
2019/05/07,21:06:21.4,岩手県沖,39°56.5′N,142°25.2′E,38 km,3.4,1
2019/05/07,12:30:42.7,熊本県熊本地方,32°38.3′N,130°41.6′E,14 km,3.1,2
2019/05/06,19:12:23.0,和歌山県北部,34°05.5′N,135°08.4′E,6 km,3.1,2
2019/05/06,14:13:26.5,宮城県沖,38°54.9′N,141°56.2′E,51 km,3.8,2
2019/05/06,10:26:13.3,熊本県天草・芦北地方,32°19.7′N,130°29.5′E,6 km,2.6,1
2019/05/06,09:50:06.3,滋賀県南部,34°59.8′N,135°57.0′E,9 km,2.8,1
2019/05/05,20:51:53.1,茨城県北部,36°37.1′N,140°35.7′E,8 km,2.8,1
2019/05/05,16:38:38.6,佐渡付近,37°51.6′N,138°09.4′E,14 km,3.7,2
2019/05/05,04:51:43.6,宮城県沖,38°44.3′N,142°18.8′E,38 km,4.7,2
2019/05/05,01:40:25.8,根室半島南東沖,43°10.6′N,146°25.6′E,52 km,5.3,4
2019/05/05,00:45:13.3,熊本県天草・芦北地方,32°36.5′N,130°38.9′E,10 km,2.7,1
2019/05/04,21:34:55.0,胆振地方中東部,42°43.7′N,141°44.2′E,133 km,4.2,2
2019/05/04,11:41:31.3,宮城県沖,38°17.9′N,141°53.0′E,46 km,4.5,3
2019/05/04,09:19:00.0,岩手県沖,39°07.1′N,142°22.9′E,36 km,4.4,2
2019/05/02,21:12:14.7,京都府南部,35°03.9′N,135°38.7′E,8 km,2.5,1
2019/05/02,16:15:30.5,熊本県天草・芦北地方,32°19.6′N,130°29.4′E,6 km,2.2,1
2019/05/02,06:22:13.3,和歌山県南部,33°55.8′N,135°29.3′E,52 km,3.1,2
2019/05/01,00:43:39.9,茨城県沖,36°16.0′N,141°00.4′E,42 km,4.5,2
2019/04/30,16:01:50.8,有明海,32°43.8′N,130°36.8′E,12 km,2.4,1
2019/04/29,20:55:02.8,トカラ列島近海,29°21.6′N,129°07.9′E,14 km,3.0,1
2019/04/29,19:21:51.2,福島県会津,37°03.2′N,139°28.0′E,9 km,2.4,1
2019/04/29,14:24:00.0,遠州灘,34°32.5′N,137°34.5′E,319 km,4.8,1
2019/04/29,07:26:25.6,福島県沖,37°18.9′N,141°35.6′E,30 km,4.0,1
2019/04/29,03:32:48.3,富山県東部,36°30.0′N,137°27.8′E,8 km,2.7,1
2019/04/28,05:40:07.5,福島県沖,37°03.7′N,141°24.6′E,33 km,3.2,1
2019/04/28,02:24:47.1,十勝地方南部,42°33.6′N,142°52.7′E,102 km,5.6,4
2019/04/28,00:30:24.1,沖縄本島近海,26°37.7′N,127°15.3′E,68 km,4.1,2
2019/04/27,20:37:07.6,熊本県熊本地方,32°46.0′N,130°43.5′E,8 km,1.8,1
2019/04/27,20:32:01.4,福島県沖,37°16.4′N,142°08.3′E,34 km,4.4,1
2019/04/27,12:49:15.6,奄美大島近海,28°22.3′N,129°17.8′E,9 km,2.3,1
2019/04/27,11:59:14.4,根室半島南東沖,42°47.6′N,146°14.4′E,35 km,4.0,1
2019/04/27,09:57:28.6,福島県沖,37°10.3′N,141°19.7′E,47 km,4.1,2
2019/04/27,06:35:56.1,釧路沖,42°46.4′N,144°46.9′E,53 km,3.7,1
2019/04/26,23:51:18.8,十勝沖,42°17.5′N,143°48.4′E,79 km,3.9,1
2019/04/26,16:55:54.7,十勝地方南部,42°39.6′N,143°07.1′E,70 km,2.9,1
2019/04/26,08:36:22.0,奄美大島近海,28°22.4′N,129°17.3′E,12 km,2.6,1
2019/04/26,04:04:24.8,胆振地方中東部,42°40.1′N,141°58.3′E,28 km,3.3,2
2019/04/25,21:00:01.6,宮城県沖,38°32.3′N,141°34.2′E,63 km,4.3,3
2019/04/25,18:32:44.2,青森県東方沖,41°00.2′N,141°58.7′E,58 km,3.1,1
2019/04/25,03:22:08.7,石川県能登地方,37°27.2′N,137°15.5′E,11 km,2.5,1
2019/04/25,02:19:11.4,千葉県東方沖,35°44.2′N,141°00.2′E,13 km,3.7,1
2019/04/25,00:18:57.2,釧路地方北部,43°36.0′N,144°22.7′E,2 km,2.3,3
2019/04/24,20:07:21.4,青森県東方沖,40°58.5′N,142°00.2′E,56 km,3.1,1
2019/04/24,19:31:36.3,沖縄本島近海,26°20.9′N,126°27.1′E,89 km,3.7,1
2019/04/23,21:36:44.9,長野県南部,35°51.9′N,137°35.8′E,7 km,2.1,1
2019/04/23,07:49:29.8,大隅半島東方沖,31°04.6′N,131°31.8′E,30 km,4.0,2
2019/04/23,05:33:27.8,和歌山県北部,33°59.2′N,135°17.7′E,6 km,3.4,2
2019/04/23,02:45:17.7,三陸沖,40°32.9′N,143°50.8′E,57 km,5.6,2
2019/04/22,20:18:05.1,栃木県北部,36°38.2′N,139°29.0′E,8 km,2.8,1
2019/04/22,07:16:45.6,石川県能登地方,37°27.6′N,137°15.2′E,11 km,2.3,1
2019/04/22,04:27:14.4,紀伊水道,34°12.9′N,135°08.6′E,7 km,2.7,1
2019/04/21,11:48:37.3,紀伊水道,34°12.7′N,135°08.1′E,7 km,3.4,2
2019/04/21,08:13:49.8,奄美大島近海,28°22.3′N,129°17.7′E,12 km,2.7,1
2019/04/21,04:09:45.7,トカラ列島近海,29°59.2′N,130°25.0′E,48 km,4.2,1
2019/04/21,03:54:53.5,沖縄本島近海,26°13.7′N,127°52.6′E,17 km,2.1,1
2019/04/20,22:04:59.9,日高地方中部,42°41.2′N,142°41.2′E,19 km,3.8,1
2019/04/20,13:09:06.2,福島県沖,37°33.8′N,141°23.3′E,78 km,3.7,1
2019/04/19,21:43:09.0,胆振地方中東部,42°45.7′N,141°59.9′E,37 km,3.0,1
2019/04/19,16:05:57.5,苫小牧沖,42°34.6′N,141°32.0′E,122 km,3.9,1
2019/04/19,13:14:58.6,根室半島南東沖,43°15.2′N,146°21.0′E,46 km,4.2,2
2019/04/19,08:57:28.9,宮城県沖,38°46.1′N,142°05.8′E,45 km,3.6,1
2019/04/18,22:52:28.3,茨城県南部,36°08.4′N,139°49.4′E,51 km,3.0,1
2019/04/18,14:01:06.4,台湾付近,24°00.6′N,121°30.8′E,20 km,6.5,2
2019/04/18,13:41:08.7,茨城県沖,36°20.8′N,140°42.7′E,55 km,3.5,1
2019/04/18,10:04:09.0,島根県東部,35°14.4′N,132°59.5′E,14 km,3.2,1
2019/04/18,06:07:54.9,根室半島南東沖,42°45.9′N,146°16.0′E,32 km,4.4,1
2019/04/17,23:04:45.9,豊後水道,32°51.2′N,132°02.8′E,42 km,3.5,1
2019/04/17,22:20:00.7,紀伊水道,34°01.6′N,135°04.6′E,9 km,2.7,1
2019/04/17,15:07:35.2,静岡県西部,34°56.5′N,137°49.4′E,22 km,2.8,1
2019/04/17,14:35:32.9,広島県南東部,34°31.4′N,132°53.3′E,19 km,3.7,2
2019/04/17,11:08:19.3,岩手県沿岸北部,39°45.4′N,141°51.0′E,58 km,3.4,1
2019/04/17,02:31:00.3,宮城県沖,38°19.4′N,141°38.6′E,53 km,3.8,1
2019/04/16,18:47:36.5,茨城県沖,36°27.4′N,141°01.8′E,44 km,3.7,2
2019/04/16,16:39:57.2,奄美大島近海,28°16.9′N,129°54.6′E,47 km,3.3,1
2019/04/16,16:07:17.6,石垣島近海,24°11.6′N,124°14.1′E,15 km,4.2,1
2019/04/15,23:30:51.7,宮城県南部,38°07.9′N,140°30.2′E,110 km,3.8,1
2019/04/15,05:28:30.3,釧路沖,42°29.1′N,144°49.0′E,43 km,5.1,3
2019/04/14,22:47:49.5,胆振地方中東部,42°39.2′N,142°00.5′E,42 km,3.1,1
2019/04/14,20:38:13.3,滋賀県北部,35°21.2′N,135°55.3′E,10 km,2.1,2
2019/04/14,20:28:13.1,京都府南部,34°58.2′N,135°43.3′E,6 km,2.5,1
2019/04/14,13:56:01.5,奄美大島近海,28°12.8′N,129°24.5′E,17 km,3.1,1
2019/04/14,04:49:49.5,紀伊水道,34°13.4′N,135°08.6′E,8 km,2.3,1
2019/04/14,01:29:14.2,奈良県,34°21.4′N,135°46.8′E,58 km,3.2,1
2019/04/13,17:59:58.0,岩手県沖,39°51.6′N,142°37.8′E,40 km,3.5,1
2019/04/13,16:01:44.4,岩手県内陸南部,39°05.3′N,140°49.3′E,7 km,3.1,1
2019/04/13,15:12:40.4,千葉県北東部,35°25.0′N,140°17.8′E,27 km,3.2,3
2019/04/13,12:23:03.1,長野県南部,35°56.8′N,137°42.1′E,9 km,4.1,3
2019/04/12,20:13:01.0,宮城県沖,38°32.3′N,141°49.1′E,49 km,3.4,1
2019/04/12,16:30:05.2,硫黄島近海,25°58.0′N,141°24.5′E,547 km,5.8,1
2019/04/12,15:50:31.4,京都府南部,34°57.7′N,135°40.6′E,11 km,2.9,1
2019/04/12,05:10:32.1,奄美大島近海,28°22.6′N,129°17.3′E,13 km,2.8,1
2019/04/12,05:02:30.1,奄美大島近海,28°22.0′N,129°17.6′E,13 km,2.8,1
2019/04/12,04:34:41.0,紋別地方,43°50.8′N,143°32.7′E,11 km,2.8,1
2019/04/12,03:50:27.9,福島県沖,37°45.6′N,141°07.0′E,69 km,3.7,2
2019/04/12,02:52:43.6,沖縄本島近海,24°55.9′N,128°09.3′E,82 km,5.0,1
2019/04/11,17:18:18.1,三陸沖,40°21.7′N,143°24.2′E,5 km,6.2,3
2019/04/11,17:06:56.4,岡山県北部,34°59.2′N,133°48.9′E,19 km,3.4,3
2019/04/11,09:40:20.9,熊本県阿蘇地方,33°02.6′N,131°06.3′E,12 km,2.5,1
2019/04/10,23:58:44.0,青森県三八上北地方,40°34.1′N,141°24.1′E,89 km,3.3,1
2019/04/10,12:44:33.1,和歌山県北部,33°49.2′N,135°12.2′E,46 km,3.1,1
2019/04/10,04:19:18.2,福島県沖,37°09.1′N,141°12.2′E,35 km,4.0,2
2019/04/09,21:53:26.5,根室半島南東沖,42°46.4′N,146°14.3′E,35 km,3.9,1
2019/04/09,17:55:19.9,青森県東方沖,40°50.4′N,143°08.0′E,12 km,4.2,1
2019/04/08,22:22:02.3,浦河沖,41°57.1′N,142°20.3′E,71 km,4.2,2
2019/04/08,21:33:46.6,福島県沖,37°19.1′N,142°09.5′E,32 km,4.3,1
2019/04/08,14:23:21.9,千葉県東方沖,35°42.4′N,141°00.0′E,36 km,3.5,1
2019/04/08,13:12:40.7,沖縄本島近海,26°18.4′N,129°34.3′E,45 km,5.6,2
2019/04/08,07:29:26.6,日向灘,31°39.5′N,131°35.4′E,43 km,3.1,1
2019/04/08,03:00:04.4,宮城県沖,38°11.0′N,141°40.8′E,51 km,3.8,2
2019/04/07,10:02:22.9,宮城県沖,38°11.2′N,141°47.4′E,64 km,4.2,2
2019/04/06,19:30:15.8,福島県沖,36°52.2′N,140°49.9′E,18 km,3.7,2
2019/04/05,18:56:51.0,鳥島近海,30°23.8′N,139°00.5′E,414 km,5.9,2
2019/04/05,17:23:14.3,千葉県南東沖,34°41.0′N,140°06.9′E,63 km,4.4,3
2019/04/05,13:06:58.9,岩手県沿岸南部,39°12.6′N,141°29.1′E,78 km,3.5,1
2019/04/05,07:52:46.3,薩摩半島西方沖,31°36.8′N,130°14.6′E,10 km,2.8,1
2019/04/04,12:04:31.9,十勝沖,42°28.4′N,143°33.3′E,71 km,4.0,2
2019/04/04,08:57:20.2,千葉県北東部,35°44.0′N,140°37.5′E,52 km,2.8,1
2019/04/04,08:26:15.4,宮城県沖,38°19.9′N,141°38.1′E,53 km,3.6,1
2019/04/03,15:56:45.4,福島県沖,37°12.2′N,141°44.5′E,69 km,3.8,1
2019/04/03,09:44:11.3,胆振地方中東部,42°45.1′N,141°58.9′E,37 km,4.0,2
2019/04/03,08:53:54.2,岐阜県美濃中西部,35°24.2′N,136°45.3′E,9 km,2.3,1
2019/04/03,05:29:09.7,浦河沖,41°58.4′N,142°32.1′E,62 km,4.3,2
2019/04/03,02:25:06.6,福島県中通り,36°55.0′N,140°32.0′E,9 km,2.6,1
2019/04/02,19:08:07.4,福島県沖,37°13.3′N,141°21.2′E,54 km,3.7,1
2019/04/02,11:31:57.2,茨城県南部,36°06.7′N,139°59.1′E,68 km,3.4,1
2019/04/02,08:56:27.7,高知県中部,33°47.0′N,133°31.9′E,5 km,2.6,1
2019/04/01,21:17:33.1,宮城県沖,38°37.1′N,141°53.5′E,48 km,3.9,2
2019/04/01,18:15:10.3,熊本県天草・芦北地方,32°10.1′N,130°24.0′E,8 km,2.5,1
2019/04/01,06:56:16.6,和歌山県北部,34°15.5′N,135°25.5′E,7 km,2.1,1
2019/03/31,09:50:09.9,長野県北部,36°39.8′N,138°13.9′E,7 km,2.9,1
2019/03/31,09:49:04.3,長野県北部,36°39.8′N,138°13.7′E,7 km,2.7,1
2019/03/31,08:41:39.3,長野県北部,36°39.9′N,138°13.7′E,8 km,2.6,1
2019/03/31,08:20:34.1,青森県東方沖,41°28.4′N,142°01.9′E,63 km,3.6,1
2019/03/31,01:53:58.2,福島県沖,36°52.9′N,140°49.9′E,13 km,3.5,1
2019/03/30,23:34:55.2,内浦湾,41°55.7′N,140°58.2′E,9 km,1.7,1
2019/03/30,19:59:17.8,青森県東方沖,41°29.0′N,142°01.7′E,63 km,3.9,2
2019/03/30,17:03:21.8,宮城県中部,38°21.3′N,140°39.6′E,5 km,1.8,1
2019/03/30,05:55:42.5,種子島近海,30°35.3′N,131°09.3′E,32 km,5.0,3
2019/03/30,03:00:34.9,宮城県沖,38°11.0′N,141°41.4′E,50 km,4.1,2
2019/03/30,02:10:58.6,福島県会津,36°58.1′N,139°24.9′E,7 km,2.2,1
2019/03/29,17:47:26.1,茨城県沖,36°17.3′N,141°09.8′E,46 km,4.3,1
2019/03/29,12:24:15.3,福島県沖,37°02.0′N,141°11.6′E,21 km,4.5,2
2019/03/29,05:38:48.8,福島県沖,36°58.1′N,142°23.5′E,16 km,4.4,2
2019/03/29,04:12:00.5,茨城県沖,36°12.5′N,140°56.6′E,39 km,3.5,1
2019/03/28,11:16:59.3,十勝沖,42°26.8′N,143°40.2′E,78 km,4.6,2
2019/03/28,08:12:42.8,奄美大島近海,28°52.4′N,129°42.4′E,60 km,3.7,1
2019/03/27,18:11:17.3,日向灘,32°12.9′N,132°07.6′E,19 km,3.8,1
2019/03/27,15:54:45.7,日向灘,32°12.0′N,132°07.3′E,20 km,2.9,1
2019/03/27,15:39:46.2,日向灘,32°11.9′N,132°06.3′E,18 km,3.9,2
2019/03/27,15:38:03.3,日向灘,32°09.8′N,132°09.0′E,21 km,5.4,4
2019/03/27,10:06:06.8,岩手県沖,39°06.7′N,142°06.8′E,45 km,3.4,1
2019/03/27,09:40:01.4,日向灘,32°08.8′N,132°08.0′E,18 km,4.1,1
2019/03/27,09:11:23.3,日向灘,32°09.1′N,132°09.3′E,15 km,5.4,3
2019/03/27,09:10:18.7,日向灘,32°09.0′N,132°09.4′E,19 km,3.7,1
2019/03/27,08:52:09.1,根室半島南東沖,43°12.1′N,146°32.4′E,47 km,3.6,1
2019/03/27,06:51:26.7,紀伊水道,33°50.0′N,134°55.7′E,40 km,3.6,2
2019/03/26,18:36:49.9,鳥取県中部,35°25.3′N,133°49.8′E,11 km,2.5,1
2019/03/26,15:29:24.1,熊本県熊本地方,32°38.4′N,130°42.2′E,10 km,2.7,1
2019/03/26,14:22:44.1,群馬県南部,36°32.8′N,139°22.1′E,6 km,2.9,1
2019/03/26,13:11:05.8,熊本県熊本地方,32°46.1′N,130°46.4′E,10 km,2.3,1
2019/03/26,06:19:42.8,京都府南部,35°07.4′N,135°40.9′E,6 km,2.3,1
2019/03/26,03:30:20.5,福島県中通り,37°19.9′N,140°18.2′E,99 km,4.1,2
2019/03/25,20:42:49.6,茨城県沖,36°15.0′N,140°34.0′E,93 km,3.4,1
2019/03/25,19:10:01.2,福島県沖,36°54.7′N,141°11.1′E,54 km,3.7,2
2019/03/25,18:27:36.9,石川県能登地方,37°21.3′N,136°51.3′E,6 km,2.9,2
2019/03/25,10:08:23.1,奄美大島近海,27°51.0′N,128°30.5′E,63 km,3.8,1
2019/03/25,09:38:28.4,日向灘,32°10.8′N,131°46.0′E,34 km,3.2,1
2019/03/25,00:04:38.6,茨城県南部,36°02.1′N,139°55.6′E,43 km,3.1,1
2019/03/24,16:58:42.5,新潟県上越地方,37°09.1′N,138°21.5′E,17 km,2.1,1
2019/03/24,07:13:33.7,青森県三八上北地方,40°22.0′N,141°17.3′E,5 km,2.2,1
2019/03/23,19:39:11.5,熊本県熊本地方,32°51.6′N,130°49.9′E,13 km,2.1,1
2019/03/23,15:51:31.4,沖縄本島近海,27°07.1′N,128°27.8′E,16 km,3.7,3
2019/03/23,08:26:35.6,長野県北部,36°38.6′N,137°51.3′E,4 km,2.4,2
2019/03/23,07:40:59.4,長野県北部,36°38.7′N,137°51.3′E,4 km,2.6,2
2019/03/23,07:39:37.3,長野県北部,36°38.6′N,137°51.3′E,3 km,2.4,1
2019/03/23,07:37:41.4,長野県北部,36°38.6′N,137°51.0′E,3 km,3.0,2
2019/03/23,00:43:16.6,熊本県天草・芦北地方,32°19.3′N,130°27.8′E,10 km,2.3,1
2019/03/22,21:39:15.0,熊本県熊本地方,32°39.4′N,130°43.7′E,10 km,2.2,1
2019/03/22,08:20:23.2,栃木県北部,36°52.5′N,139°31.8′E,7 km,3.0,2
2019/03/22,07:43:05.4,鹿児島県薩摩地方,31°50.5′N,130°41.6′E,9 km,2.2,1
2019/03/21,18:11:27.8,網走地方,43°28.4′N,144°01.9′E,0 km,2.0,1
2019/03/20,22:11:26.0,奄美大島北西沖,28°07.1′N,128°01.1′E,8 km,4.6,1
2019/03/20,18:31:50.7,熊本県熊本地方,32°47.2′N,130°39.7′E,11 km,3.5,3
2019/03/19,23:35:49.7,新島・神津島近海,34°21.5′N,139°13.7′E,7 km,3.1,3
2019/03/19,11:18:21.2,種子島近海,30°11.1′N,130°28.1′E,4 km,3.3,1
2019/03/19,10:45:46.0,熊本県熊本地方,32°51.4′N,130°50.1′E,13 km,2.6,2
2019/03/19,05:49:27.1,奄美大島近海,28°31.7′N,130°05.0′E,32 km,3.4,1
2019/03/18,13:35:24.9,茨城県北部,36°48.4′N,140°32.0′E,8 km,3.2,1
2019/03/18,09:33:04.4,岩手県沿岸北部,40°03.2′N,141°48.3′E,57 km,3.7,2
2019/03/18,07:53:10.1,青森県東方沖,41°02.6′N,142°27.0′E,49 km,4.1,2
2019/03/18,03:40:55.4,千葉県南東沖,34°54.9′N,140°05.4′E,22 km,2.8,1
2019/03/18,03:24:02.8,千葉県南東沖,34°55.0′N,140°05.0′E,19 km,3.1,2
2019/03/18,03:19:53.2,千葉県南東沖,34°54.9′N,140°05.4′E,20 km,2.7,1
2019/03/17,06:07:22.5,千葉県東方沖,35°44.3′N,140°54.6′E,13 km,4.1,3
2019/03/16,22:41:08.5,日向灘,32°26.4′N,132°10.2′E,29 km,3.8,2
2019/03/16,22:09:46.7,千葉県北東部,35°21.5′N,140°20.4′E,21 km,2.3,1
2019/03/16,17:00:59.9,三陸沖,39°58.0′N,143°10.4′E,20 km,4.5,1
2019/03/16,06:25:24.7,熊本県天草・芦北地方,32°38.5′N,130°39.9′E,8 km,2.0,1
2019/03/15,22:55:24.4,石垣島北西沖,25°04.6′N,124°16.8′E,105 km,4.3,1
2019/03/15,19:49:15.6,日高地方東部,42°18.7′N,143°02.9′E,52 km,3.8,1
2019/03/15,06:32:47.2,茨城県沖,36°27.0′N,141°09.2′E,45 km,3.5,1
2019/03/14,21:03:50.7,千葉県東方沖,35°40.0′N,140°44.4′E,49 km,3.1,1
2019/03/14,20:59:04.4,千葉県東方沖,35°39.6′N,140°43.9′E,48 km,4.0,2
2019/03/14,14:06:54.0,和歌山県北部,34°14.9′N,135°24.7′E,7 km,2.2,1
2019/03/13,13:55:11.6,紀伊水道,33°47.0′N,134°57.2′E,42 km,3.0,1
2019/03/13,13:48:48.7,紀伊水道,33°48.0′N,134°54.8′E,43 km,5.3,4
2019/03/13,03:31:58.0,宮城県沖,38°22.1′N,142°10.5′E,42 km,4.2,1
2019/03/12,13:50:36.3,福島県沖,36°54.0′N,141°03.6′E,51 km,3.8,1
2019/03/12,09:23:19.6,長野県中部,36°29.8′N,138°03.3′E,9 km,2.1,1
2019/03/12,00:28:30.9,岩手県内陸北部,39°50.8′N,140°50.9′E,4 km,2.8,1
2019/03/11,15:37:51.2,愛媛県南予,33°11.4′N,132°42.7′E,38 km,4.6,3
2019/03/11,11:39:35.9,和歌山県北部,34°02.8′N,135°16.8′E,5 km,2.7,1
2019/03/11,07:14:19.6,長野県南部,35°51.2′N,137°41.3′E,9 km,2.2,1
2019/03/11,06:50:33.0,福島県沖,37°10.3′N,141°11.9′E,21 km,3.4,1
2019/03/11,03:43:43.9,福島県沖,36°44.1′N,142°21.4′E,37 km,5.0,1
2019/03/11,03:34:02.3,茨城県南部,36°10.5′N,140°02.9′E,52 km,3.3,2
2019/03/11,02:24:14.5,福島県沖,36°43.5′N,142°29.2′E,28 km,4.9,1
2019/03/11,02:10:50.5,福島県沖,36°45.7′N,142°24.3′E,18 km,6.0,3
2019/03/11,01:55:20.8,宮城県沖,38°41.9′N,141°47.7′E,52 km,3.0,1
2019/03/10,22:22:14.0,津軽海峡,41°30.1′N,140°51.9′E,13 km,2.1,1
2019/03/10,18:52:08.2,択捉島南東沖,43°52.1′N,148°20.0′E,0 km,5.0,1
2019/03/10,18:46:12.2,愛知県西部,35°13.3′N,137°12.9′E,44 km,3.1,1
2019/03/10,15:43:06.0,鹿児島県薩摩地方,31°50.5′N,130°41.4′E,9 km,2.8,2
2019/03/10,10:46:51.3,茨城県沖,36°38.2′N,140°54.0′E,50 km,3.5,2
2019/03/10,05:43:42.3,熊本県熊本地方,32°51.3′N,130°50.7′E,10 km,2.4,1
2019/03/09,19:13:27.5,千葉県東方沖,35°41.3′N,140°57.6′E,18 km,3.2,1
2019/03/09,17:28:51.0,紀伊水道,34°12.5′N,135°07.5′E,8 km,2.5,1
2019/03/09,13:02:17.8,新潟県中越地方,37°09.7′N,138°42.1′E,13 km,3.2,2
2019/03/09,12:09:24.8,福島県沖,37°02.4′N,141°18.2′E,47 km,3.4,1
2019/03/09,01:08:03.5,岐阜県美濃中西部,35°22.3′N,136°41.0′E,42 km,4.4,4
2019/03/08,23:27:39.1,上川地方北部,44°07.8′N,142°20.3′E,0 km,2.1,1
2019/03/08,17:49:01.1,熊本県阿蘇地方,33°03.5′N,131°06.7′E,12 km,2.9,1
2019/03/08,09:32:56.1,胆振地方中東部,42°41.5′N,141°58.2′E,31 km,3.0,1
2019/03/08,01:46:26.6,茨城県沖,36°36.6′N,141°00.3′E,46 km,3.5,1
2019/03/08,01:25:02.3,新潟県上越地方,37°02.0′N,138°06.1′E,10 km,2.7,1
2019/03/07,23:57:22.1,日向灘,31°33.0′N,131°50.1′E,23 km,3.8,1
2019/03/07,11:20:34.5,四国沖,33°22.2′N,134°47.9′E,32 km,3.9,1
2019/03/07,06:48:34.9,青森県東方沖,41°35.1′N,142°03.5′E,63 km,3.2,1
2019/03/07,04:50:34.2,小笠原諸島西方沖,26°09.0′N,141°04.1′E,27 km,4.7,1
2019/03/07,04:26:01.5,宮城県沖,38°43.2′N,141°38.0′E,70 km,4.6,4
2019/03/07,03:43:46.5,宮城県沖,38°53.2′N,141°58.4′E,49 km,3.9,2
2019/03/07,02:43:58.8,父島近海,27°26.8′N,142°06.5′E,69 km,3.9,1
2019/03/06,11:09:19.7,長野県南部,35°16.5′N,137°44.3′E,8 km,2.4,1
2019/03/06,06:18:50.5,日向灘,32°46.1′N,131°55.6′E,48 km,3.7,2
2019/03/06,04:42:10.9,宮城県沖,38°14.6′N,141°42.2′E,50 km,3.5,1
2019/03/06,03:14:21.5,鳥取県東部,35°13.7′N,134°15.1′E,5 km,1.8,1
2019/03/06,03:05:06.5,胆振地方中東部,42°45.5′N,142°00.2′E,34 km,2.6,1
2019/03/05,19:08:59.3,茨城県南部,36°08.8′N,140°00.0′E,48 km,3.3,2
2019/03/04,20:56:20.6,五島列島近海,33°07.1′N,129°36.7′E,12 km,2.7,1
2019/03/04,11:56:11.2,千葉県南部,35°10.6′N,139°56.3′E,34 km,3.0,1
2019/03/04,08:58:20.6,千葉県南部,35°10.6′N,139°56.3′E,33 km,2.9,1
2019/03/04,00:02:47.6,宮崎県北部平野部,32°39.0′N,131°37.8′E,11 km,3.0,1
2019/03/03,20:04:12.3,山梨県中・西部,35°53.0′N,138°42.5′E,6 km,3.7,2
2019/03/03,10:33:47.6,釧路沖,42°34.8′N,144°56.7′E,50 km,3.9,1
2019/03/03,09:53:20.3,茨城県沖,36°27.8′N,141°02.5′E,44 km,2.9,1
2019/03/03,05:36:55.9,新潟県上越地方,37°00.1′N,138°24.5′E,12 km,2.4,1
2019/03/03,01:34:04.7,硫黄島近海,22°29.2′N,143°40.6′E,131 km,5.4,1
2019/03/03,01:01:32.4,茨城県南部,36°00.7′N,140°03.9′E,62 km,3.4,1
2019/03/02,12:22:55.5,根室半島南東沖,42°00.4′N,146°51.7′E,51 km,6.2,4
2019/03/02,06:03:23.4,茨城県沖,36°27.1′N,141°03.1′E,44 km,4.4,3
2019/03/01,20:45:26.3,熊本県阿蘇地方,32°57.5′N,131°04.6′E,7 km,2.4,1
2019/03/01,18:39:21.2,熊本県阿蘇地方,32°57.4′N,131°04.4′E,8 km,3.4,3
2019/03/01,18:10:28.5,熊本県阿蘇地方,32°57.5′N,131°04.4′E,8 km,2.0,1
2019/03/01,14:15:15.3,熊本県阿蘇地方,32°57.4′N,131°04.8′E,7 km,2.7,2
2019/03/01,14:13:58.9,熊本県阿蘇地方,32°57.4′N,131°04.6′E,7 km,2.3,1
2019/03/01,14:06:35.5,熊本県阿蘇地方,32°57.3′N,131°04.6′E,7 km,2.2,1
2019/03/01,02:52:21.7,沖縄本島近海,27°26.8′N,128°39.2′E,43 km,3.8,2
2019/02/28,20:17:09.7,鳥取県東部,35°13.8′N,134°15.2′E,5 km,2.0,1
2019/02/28,15:00:23.8,熊本県熊本地方,32°50.0′N,130°49.6′E,12 km,2.6,1
2019/02/28,11:51:50.6,岩手県沖,40°03.9′N,142°12.8′E,44 km,3.7,1
2019/02/27,22:34:53.7,胆振地方中東部,42°45.9′N,141°59.0′E,31 km,3.5,2
2019/02/27,21:20:22.4,岐阜県飛騨地方,36°03.3′N,137°35.2′E,7 km,2.3,1
2019/02/27,18:55:49.6,神奈川県東部,35°32.9′N,139°38.7′E,23 km,2.4,1
2019/02/27,16:25:31.7,岐阜県飛騨地方,36°03.3′N,137°35.0′E,8 km,3.7,3
2019/02/27,09:55:52.3,宮城県沖,38°21.0′N,142°08.3′E,40 km,4.6,2
2019/02/27,08:17:42.0,茨城県沖,36°40.1′N,140°57.5′E,50 km,3.5,2
2019/02/27,01:31:17.8,茨城県北部,36°49.9′N,140°35.2′E,7 km,3.4,1
2019/02/26,23:08:27.9,熊本県熊本地方,32°38.5′N,130°42.0′E,10 km,3.1,2
2019/02/26,21:20:39.8,千葉県南東沖,34°40.6′N,140°06.9′E,63 km,4.2,1
2019/02/26,08:40:52.8,宮城県南部,37°49.5′N,140°50.3′E,114 km,3.5,1
2019/02/26,02:13:51.5,択捉島南東沖,44°38.2′N,148°16.2′E,100 km,5.4,1
2019/02/25,21:15:10.2,熊本県熊本地方,33°01.5′N,130°33.3′E,10 km,2.5,1
2019/02/25,13:11:13.9,千葉県北東部,35°53.3′N,140°33.3′E,36 km,2.9,1
2019/02/25,12:55:34.8,青森県東方沖,40°45.0′N,142°13.8′E,46 km,3.0,1
2019/02/25,03:49:28.9,滋賀県北部,35°32.3′N,136°18.7′E,39 km,3.4,2
2019/02/24,09:33:18.4,福島県沖,37°29.2′N,142°00.0′E,34 km,4.8,2
2019/02/23,23:38:28.2,胆振地方中東部,42°45.3′N,141°58.2′E,37 km,3.3,1
2019/02/23,15:48:58.5,福島県沖,37°00.7′N,141°50.3′E,59 km,4.5,2
2019/02/23,14:30:49.5,天草灘,32°31.6′N,129°56.1′E,14 km,4.4,3
2019/02/23,12:54:09.1,種子島近海,30°36.3′N,131°08.5′E,31 km,3.0,1
2019/02/23,05:12:04.6,茨城県北部,36°49.9′N,140°35.3′E,7 km,3.7,2
2019/02/23,02:03:24.9,胆振地方中東部,42°46.2′N,141°58.9′E,30 km,3.9,3
2019/02/22,17:08:21.5,奄美大島近海,28°12.5′N,129°32.0′E,35 km,3.2,1
2019/02/22,16:53:49.1,奄美大島近海,28°11.5′N,129°32.2′E,33 km,3.3,1
2019/02/22,13:11:15.6,胆振地方中東部,42°46.1′N,141°59.1′E,31 km,2.5,1
2019/02/22,07:07:41.3,和歌山県北部,34°02.7′N,135°18.6′E,6 km,2.8,1
2019/02/22,00:49:44.2,胆振地方中東部,42°45.0′N,141°58.8′E,37 km,3.2,1
2019/02/21,22:33:42.4,千葉県東方沖,35°45.6′N,140°52.8′E,8 km,2.7,1
2019/02/21,21:26:07.9,胆振地方中東部,42°45.6′N,141°59.8′E,33 km,3.6,2
2019/02/21,21:22:40.4,胆振地方中東部,42°45.9′N,142°00.2′E,33 km,5.8,6-
2019/02/21,17:45:37.4,宮城県沖,38°44.2′N,142°22.3′E,32 km,3.8,1
2019/02/21,11:11:40.1,奄美大島近海,28°33.7′N,129°59.3′E,30 km,4.5,2
2019/02/21,07:49:45.8,胆振地方中東部,42°35.1′N,141°58.5′E,35 km,3.1,1
2019/02/21,01:02:28.0,岐阜県飛騨地方,36°00.7′N,137°24.7′E,8 km,2.2,1
2019/02/21,00:59:58.2,千葉県南部,35°10.7′N,139°56.3′E,33 km,2.8,1
2019/02/20,20:24:56.4,茨城県南部,36°04.2′N,139°51.2′E,43 km,3.7,2
2019/02/20,13:14:13.3,奄美大島近海,28°21.4′N,130°16.2′E,25 km,3.4,1
2019/02/20,12:18:42.3,奄美大島近海,28°18.7′N,130°18.5′E,28 km,4.7,2
2019/02/20,07:05:34.6,富山県東部,36°28.9′N,137°39.6′E,2 km,3.0,1
2019/02/20,06:53:23.1,熊本県天草・芦北地方,32°19.1′N,130°33.6′E,7 km,2.8,1
2019/02/20,01:24:55.6,宮城県沖,38°51.3′N,141°36.3′E,74 km,4.2,2
2019/02/19,22:04:51.3,富山県東部,36°27.6′N,137°38.7′E,0 km,3.0,1
2019/02/19,21:04:09.5,長野県北部,36°27.7′N,137°39.7′E,0 km,4.7,3
2019/02/19,18:26:47.5,胆振地方中東部,42°40.1′N,142°00.1′E,38 km,2.9,1
2019/02/19,17:57:31.5,静岡県西部,34°46.3′N,137°38.7′E,29 km,3.5,2
2019/02/19,17:09:58.9,奄美大島近海,28°12.5′N,129°31.9′E,34 km,4.1,3
2019/02/19,17:06:26.3,茨城県北部,36°27.9′N,140°31.3′E,58 km,3.8,2
2019/02/19,15:56:54.4,奄美大島近海,28°11.4′N,129°32.2′E,32 km,3.4,1
2019/02/19,11:41:30.5,奄美大島近海,28°12.3′N,129°31.9′E,33 km,3.4,1
2019/02/19,01:13:23.4,宮城県沖,38°20.7′N,141°39.7′E,52 km,3.3,1
2019/02/18,23:13:37.1,紀伊水道,33°54.6′N,134°42.6′E,13 km,2.8,1
2019/02/18,20:41:45.1,岩手県沿岸北部,39°45.5′N,141°50.1′E,59 km,3.7,2
2019/02/18,20:00:10.8,宮城県沖,38°43.1′N,142°12.7′E,40 km,4.0,2
2019/02/18,17:56:18.9,奄美大島近海,27°40.5′N,128°51.2′E,42 km,3.2,1
2019/02/18,16:32:17.6,宮古島北西沖,25°27.6′N,124°50.0′E,8 km,4.8,1
2019/02/18,04:21:22.3,茨城県沖,36°18.5′N,142°08.9′E,67 km,5.0,1
2019/02/17,21:37:18.9,佐渡付近,37°42.6′N,138°16.0′E,25 km,3.5,1
2019/02/17,15:49:49.0,福島県会津,37°42.5′N,140°00.0′E,7 km,3.8,2
2019/02/16,19:01:27.4,宮古島北西沖,25°26.6′N,124°49.7′E,12 km,5.5,2
2019/02/16,18:18:58.8,宮古島北西沖,25°25.3′N,124°48.0′E,7 km,4.9,1
2019/02/16,18:08:07.3,宮古島北西沖,25°27.7′N,124°50.8′E,0 km,5.0,1
2019/02/16,18:06:33.4,宮古島北西沖,25°24.8′N,124°48.6′E,17 km,5.1,2
2019/02/16,17:42:43.4,岩手県沿岸北部,39°45.2′N,141°50.4′E,58 km,3.7,2
2019/02/16,16:06:06.7,熊本県熊本地方,32°30.6′N,130°43.8′E,12 km,2.3,1
2019/02/16,10:46:41.3,茨城県南部,36°12.1′N,139°47.6′E,56 km,3.4,1
2019/02/16,02:53:12.2,トカラ列島近海,29°15.2′N,129°05.9′E,10 km,3.0,1
2019/02/15,12:34:57.3,硫黄島近海,25°26.2′N,141°03.3′E,0 km,4.9,1
2019/02/14,23:22:09.9,日高地方西部,42°41.4′N,142°12.1′E,6 km,3.5,2
2019/02/14,22:04:24.1,福島県浜通り,36°58.6′N,140°39.3′E,20 km,3.7,1
2019/02/14,16:25:20.9,国後島付近,44°31.5′N,145°44.8′E,23 km,4.1,1
2019/02/14,12:49:58.7,長野県北部,36°48.1′N,138°07.9′E,7 km,2.4,2
2019/02/14,01:54:21.4,伊豆大島近海,34°45.7′N,139°17.6′E,0 km,2.0,1
2019/02/14,01:23:46.6,伊豆大島近海,34°45.9′N,139°18.5′E,0 km,2.2,1
2019/02/14,01:13:20.7,伊豆大島近海,34°45.4′N,139°18.0′E,0 km,3.4,3
2019/02/14,00:30:28.5,伊豆大島近海,34°45.1′N,139°18.3′E,4 km,2.6,2
2019/02/13,20:47:16.9,熊本県熊本地方,32°45.6′N,130°43.7′E,11 km,2.6,1
2019/02/13,04:19:55.6,熊本県熊本地方,32°45.7′N,130°43.6′E,11 km,2.7,1
2019/02/13,04:17:29.5,熊本県熊本地方,32°45.6′N,130°43.5′E,11 km,2.9,1
2019/02/12,23:55:43.5,上川地方北部,44°30.7′N,142°11.7′E,241 km,4.5,1
2019/02/12,22:49:57.0,奈良県,34°01.0′N,135°47.3′E,48 km,3.3,1
2019/02/12,22:42:17.9,紀伊水道,33°47.9′N,134°54.9′E,14 km,3.6,2
2019/02/12,21:34:17.8,マリアナ諸島,19°23.3′N,145°42.1′E,127 km,6.5,1
2019/02/12,16:12:34.3,伊豆大島近海,34°45.5′N,139°18.2′E,2 km,2.5,2
2019/02/12,16:09:08.6,伊豆大島近海,34°44.5′N,139°18.1′E,5 km,2.6,2
2019/02/12,15:34:31.5,伊豆大島近海,34°45.6′N,139°18.1′E,1 km,2.0,1
2019/02/11,19:07:50.7,紀伊水道,33°34.5′N,134°26.6′E,34 km,3.8,2
2019/02/10,21:03:26.6,茨城県沖,36°26.0′N,141°03.2′E,45 km,3.7,1
2019/02/10,20:26:12.1,青森県東方沖,40°54.2′N,142°01.4′E,64 km,3.1,1
2019/02/10,14:34:24.4,奄美大島近海,28°16.4′N,129°30.2′E,36 km,4.9,4
2019/02/10,10:30:08.0,福島県沖,37°03.5′N,141°24.2′E,33 km,3.4,1
2019/02/10,09:54:21.6,岩手県沖,40°21.4′N,142°04.8′E,51 km,3.7,1
2019/02/10,05:37:38.7,福井県沖,36°05.6′N,136°02.0′E,13 km,3.2,2
2019/02/09,11:24:20.8,国後島付近,43°49.0′N,145°43.4′E,110 km,4.8,2
2019/02/09,08:06:23.3,岐阜県飛騨地方,36°03.3′N,137°35.3′E,7 km,3.0,2
2019/02/08,12:16:42.7,鳥取県中部,35°25.3′N,133°50.1′E,13 km,3.1,2
2019/02/08,09:12:16.0,秋田県内陸南部,39°27.4′N,140°22.5′E,9 km,2.0,1
2019/02/08,08:06:18.1,トカラ列島近海,28°14.4′N,128°42.2′E,65 km,3.6,1
2019/02/08,06:39:25.2,宮城県沖,38°25.2′N,142°10.7′E,44 km,3.9,1
2019/02/08,06:34:10.1,静岡県中部,35°09.1′N,138°25.6′E,21 km,4.0,3
2019/02/08,04:28:51.5,長野県北部,36°37.4′N,138°21.8′E,2 km,3.0,2
2019/02/07,16:57:56.1,十勝沖,41°51.4′N,143°47.4′E,29 km,4.9,2
2019/02/07,02:38:47.2,岩手県沖,39°29.7′N,142°39.6′E,33 km,4.2,1
2019/02/07,00:30:26.3,釧路地方中南部,43°25.0′N,144°03.2′E,1 km,1.7,1
2019/02/06,23:10:13.6,胆振地方中東部,42°36.6′N,141°57.7′E,38 km,2.9,1
2019/02/06,20:11:35.1,石垣島近海,24°03.9′N,124°32.9′E,45 km,4.8,1
2019/02/06,19:25:06.5,栃木県北部,36°38.1′N,139°26.6′E,4 km,2.1,1
2019/02/06,17:26:17.7,茨城県南部,36°01.1′N,139°54.0′E,41 km,3.6,2
2019/02/06,10:14:19.9,相模湾,35°14.4′N,139°09.6′E,14 km,3.1,2
2019/02/06,03:54:27.2,岐阜県飛騨地方,36°12.6′N,137°34.0′E,4 km,2.3,1
2019/02/06,01:59:50.4,大隅半島東方沖,30°58.8′N,131°46.1′E,49 km,4.2,1
2019/02/06,01:52:45.9,千葉県東方沖,35°33.5′N,141°03.1′E,37 km,3.7,1
2019/02/05,16:06:05.5,長野県北部,36°37.5′N,138°21.7′E,1 km,2.7,1
2019/02/05,15:57:52.7,宮城県沖,38°20.6′N,141°52.1′E,63 km,4.1,2
2019/02/05,13:25:43.3,日向灘,32°36.6′N,132°07.3′E,37 km,3.3,1
2019/02/05,09:57:47.3,宮城県沖,38°10.7′N,141°41.3′E,50 km,3.6,1
2019/02/05,02:40:44.2,北海道東方沖,43°31.7′N,146°53.3′E,45 km,4.5,1
2019/02/04,13:45:41.2,茨城県沖,36°36.4′N,141°00.4′E,46 km,3.4,1
2019/02/03,21:14:55.8,青森県東方沖,41°23.8′N,141°52.9′E,24 km,3.5,1
2019/02/03,10:01:14.4,福島県沖,37°01.1′N,141°07.7′E,50 km,4.0,2
2019/02/03,07:57:41.9,淡路島付近,34°27.3′N,134°50.6′E,16 km,3.1,1
2019/02/03,04:10:12.7,千葉県東方沖,35°34.3′N,141°02.7′E,37 km,4.7,2
2019/02/03,00:00:55.4,熊本県天草・芦北地方,32°15.3′N,130°18.6′E,10 km,2.9,2
2019/02/02,13:04:05.0,熊本県熊本地方,33°01.0′N,130°34.0′E,9 km,2.4,1
2019/02/02,12:54:41.4,岐阜県飛騨地方,36°03.3′N,137°35.2′E,7 km,2.7,1
2019/02/01,12:39:59.8,岩手県沖,39°38.4′N,142°06.9′E,48 km,3.7,1
2019/02/01,10:53:02.4,日向灘,32°32.1′N,132°00.1′E,36 km,3.4,1
2019/02/01,08:46:15.4,西表島付近,24°03.7′N,123°32.3′E,26 km,3.8,1
2019/02/01,06:40:34.5,兵庫県南東部,34°46.1′N,135°16.8′E,7 km,2.8,1
2019/01/31,11:40:17.5,鳥取県中部,35°21.5′N,133°37.5′E,10 km,2.5,1
2019/01/31,06:04:00.7,島根県西部,34°21.6′N,131°47.7′E,17 km,3.3,1
2019/01/31,03:45:17.3,秋田県内陸北部,39°57.0′N,140°36.5′E,4 km,2.8,1
2019/01/30,14:21:34.7,台湾付近,23°41.6′N,122°22.3′E,29 km,5.6,2
2019/01/30,11:21:50.1,沖縄本島近海,27°19.5′N,128°56.8′E,25 km,3.8,1
2019/01/30,08:44:37.6,岐阜県飛騨地方,36°12.8′N,137°31.1′E,3 km,3.0,2
2019/01/30,06:23:49.6,和歌山県北部,34°01.9′N,135°15.1′E,4 km,1.8,1
2019/01/29,23:45:51.3,岐阜県飛騨地方,36°12.7′N,137°31.2′E,3 km,2.5,1
2019/01/29,22:47:42.1,紀伊水道,33°54.4′N,134°42.5′E,13 km,2.6,1
2019/01/29,14:58:28.4,佐渡付近,38°08.1′N,138°12.9′E,17 km,3.1,1
2019/01/29,12:42:24.3,千葉県東方沖,35°00.3′N,141°07.3′E,50 km,5.2,2
2019/01/29,12:19:27.4,福島県沖,37°31.4′N,141°22.2′E,50 km,3.2,1
2019/01/29,10:05:48.8,岐阜県美濃東部,35°46.8′N,137°24.4′E,12 km,2.9,1
2019/01/29,03:24:25.2,岩手県沖,39°20.3′N,142°03.8′E,48 km,3.1,1
2019/01/29,03:22:56.6,徳島県北部,33°55.7′N,134°09.2′E,37 km,3.9,2
2019/01/28,13:02:16.3,和歌山県北部,33°54.6′N,135°12.8′E,8 km,3.0,1
2019/01/27,23:01:02.5,千葉県北西部,35°38.3′N,140°05.3′E,67 km,3.2,1
2019/01/27,22:55:12.5,長野県南部,35°16.5′N,137°47.3′E,6 km,2.2,1
2019/01/27,21:20:02.6,宮古島近海,24°20.2′N,125°13.9′E,41 km,4.6,1
2019/01/27,16:27:15.5,栃木県北部,36°38.5′N,139°30.9′E,6 km,3.1,1
2019/01/27,14:21:43.3,宮城県沖,38°29.3′N,141°37.6′E,63 km,3.9,2
2019/01/27,12:43:43.2,宮古島近海,24°17.6′N,125°16.7′E,44 km,4.6,1
2019/01/26,22:46:21.1,奄美大島北東沖,29°13.7′N,130°26.9′E,60 km,4.8,2
2019/01/26,17:23:01.6,岩手県沖,40°16.8′N,142°19.6′E,38 km,5.6,4
2019/01/26,14:16:33.2,熊本県熊本地方,33°00.9′N,130°34.2′E,10 km,4.3,5-
2019/01/26,14:08:31.7,根室半島南東沖,43°06.9′N,146°07.1′E,51 km,3.9,2
2019/01/26,09:31:30.9,栃木県南部,36°22.1′N,139°57.5′E,110 km,4.0,2
2019/01/26,06:22:43.4,種子島南東沖,30°16.1′N,131°23.8′E,22 km,4.5,2
2019/01/25,21:10:19.6,岐阜県飛騨地方,36°03.3′N,137°35.2′E,8 km,3.5,2
2019/01/25,14:41:34.5,薩摩半島西方沖,31°51.0′N,129°10.7′E,7 km,4.6,2
2019/01/25,13:53:47.6,種子島南東沖,29°56.7′N,131°24.1′E,28 km,3.7,1
2019/01/25,13:48:21.2,種子島南東沖,29°57.5′N,131°25.3′E,33 km,4.9,1
2019/01/25,08:32:06.4,茨城県沖,36°32.7′N,140°51.8′E,16 km,3.1,1
2019/01/25,07:48:32.9,紀伊水道,34°02.8′N,135°09.3′E,6 km,2.4,1
2019/01/25,04:10:58.4,滋賀県北部,35°27.1′N,135°59.0′E,14 km,2.9,2
2019/01/25,00:13:56.1,茨城県北部,36°40.8′N,140°39.5′E,11 km,2.9,1
2019/01/24,21:15:17.7,沖縄本島近海,26°50.1′N,128°12.6′E,45 km,4.1,2
2019/01/24,20:36:10.5,薩摩半島西方沖,31°51.4′N,129°09.0′E,9 km,4.5,2
2019/01/24,15:44:11.2,富山県西部,36°43.4′N,136°59.8′E,8 km,2.2,1
2019/01/24,14:39:54.8,岐阜県飛騨地方,36°03.3′N,137°32.8′E,8 km,2.1,1
2019/01/24,13:48:01.4,宮城県沖,38°32.2′N,141°43.2′E,53 km,3.7,1
2019/01/24,06:34:59.7,岩手県沿岸南部,39°08.0′N,141°33.3′E,109 km,3.8,1
2019/01/24,05:04:10.8,福島県沖,37°04.1′N,141°11.1′E,49 km,3.5,2
2019/01/24,03:59:53.1,西表島付近,24°15.0′N,123°48.9′E,17 km,2.7,1
2019/01/23,13:43:50.7,茨城県沖,36°27.3′N,140°39.3′E,18 km,3.3,2
2019/01/23,00:09:04.3,千葉県東方沖,35°51.3′N,140°56.6′E,33 km,2.9,1
2019/01/23,00:06:44.2,千葉県東方沖,35°51.4′N,140°55.9′E,33 km,3.4,2
2019/01/23,00:01:06.9,千葉県東方沖,35°50.8′N,140°56.4′E,33 km,3.5,2
2019/01/22,18:26:15.6,奄美大島近海,28°48.5′N,129°54.3′E,31 km,4.0,1
2019/01/22,17:01:39.0,浦河沖,42°02.4′N,142°45.4′E,51 km,3.6,1
2019/01/22,15:29:07.4,奄美大島近海,28°48.7′N,129°54.3′E,28 km,3.8,1
2019/01/22,09:18:08.9,奄美大島近海,28°17.7′N,129°35.0′E,32 km,3.1,1
2019/01/22,07:50:36.1,青森県東方沖,40°54.5′N,142°06.4′E,54 km,3.7,1
2019/01/22,07:04:08.5,茨城県沖,35°58.8′N,140°48.2′E,55 km,4.0,2
2019/01/21,23:17:09.9,豊後水道,32°52.3′N,132°19.9′E,33 km,4.4,3
2019/01/21,19:32:06.8,熊本県熊本地方,33°01.5′N,130°33.0′E,10 km,3.5,2
2019/01/21,09:24:23.1,青森県東方沖,40°41.9′N,142°36.5′E,28 km,4.5,2
2019/01/21,01:33:08.2,熊本県熊本地方,32°46.2′N,130°42.3′E,6 km,1.1,1
2019/01/19,14:22:02.7,茨城県北部,36°31.3′N,140°34.3′E,58 km,3.9,2
2019/01/19,11:36:47.7,福島県沖,36°52.8′N,141°18.9′E,33 km,4.0,1
2019/01/19,05:29:37.9,熊本県熊本地方,32°27.3′N,130°36.7′E,11 km,2.7,1
2019/01/19,05:04:01.1,青森県東方沖,40°44.3′N,142°33.8′E,29 km,4.9,3
2019/01/19,04:00:33.9,秋田県内陸北部,40°14.7′N,140°24.2′E,9 km,3.1,2
2019/01/18,21:46:25.1,茨城県南部,35°55.2′N,140°25.9′E,54 km,5.3,3
2019/01/18,18:22:38.3,沖縄本島近海,26°13.3′N,127°50.8′E,14 km,2.6,2
2019/01/18,09:56:40.2,熊本県熊本地方,32°48.5′N,130°37.3′E,14 km,2.6,1
2019/01/18,07:00:51.6,宮古島近海,24°48.0′N,125°21.8′E,51 km,3.7,1
2019/01/18,06:19:26.0,長野県中部,36°23.9′N,137°58.5′E,10 km,3.2,2
2019/01/18,04:55:38.9,熊本県熊本地方,32°48.4′N,130°37.2′E,14 km,3.5,2
2019/01/17,23:10:46.1,静岡県西部,34°52.5′N,137°53.4′E,14 km,3.1,2
2019/01/17,22:49:30.4,高知県中部,33°44.9′N,133°33.6′E,6 km,2.5,2
2019/01/17,20:35:27.7,胆振地方中東部,42°43.8′N,141°53.8′E,13 km,2.5,2
2019/01/17,18:45:26.1,沖縄本島近海,27°19.9′N,128°52.8′E,31 km,3.4,1
2019/01/17,18:32:13.5,胆振地方中東部,42°43.4′N,141°53.7′E,14 km,1.9,1
2019/01/17,16:59:27.1,薩摩半島西方沖,31°10.8′N,130°20.6′E,150 km,4.0,1
2019/01/17,16:04:09.3,伊豆大島近海,34°46.1′N,139°18.9′E,10 km,2.9,2
2019/01/17,13:41:05.0,茨城県沖,36°16.7′N,140°51.3′E,45 km,3.4,1
2019/01/17,11:23:36.1,浦河沖,41°58.2′N,142°33.6′E,63 km,4.3,2
2019/01/16,21:11:53.9,国後島付近,44°28.3′N,146°30.8′E,173 km,4.2,1
2019/01/16,08:34:56.4,根室半島南東沖,42°57.6′N,146°32.1′E,56 km,4.1,1
2019/01/16,05:20:15.7,宮城県沖,38°42.8′N,142°14.1′E,38 km,3.9,2
2019/01/15,23:08:36.2,紀伊水道,34°11.1′N,135°07.7′E,6 km,2.4,1
2019/01/15,23:00:28.0,淡路島付近,34°23.6′N,134°46.4′E,10 km,3.1,2
2019/01/15,21:14:17.5,千葉県北東部,35°47.6′N,140°36.1′E,60 km,3.4,1
2019/01/15,16:38:43.1,茨城県沖,36°25.7′N,140°39.3′E,53 km,3.6,2
2019/01/15,02:08:28.3,宮城県沖,38°41.4′N,141°57.9′E,52 km,3.3,1
2019/01/15,00:53:52.2,日向灘,32°31.0′N,132°06.8′E,31 km,3.9,2
2019/01/14,23:14:18.2,岩手県沖,39°38.8′N,142°06.4′E,48 km,3.3,1
2019/01/14,13:23:42.3,茨城県南部,36°09.7′N,139°48.6′E,53 km,4.9,4
2019/01/14,12:25:21.5,淡路島付近,34°21.7′N,134°53.7′E,12 km,2.3,1
2019/01/13,21:14:44.5,福島県沖,37°14.4′N,141°23.5′E,22 km,4.9,2
2019/01/13,21:04:29.6,福島県沖,37°14.1′N,141°21.5′E,22 km,3.6,1
2019/01/13,19:53:56.5,福島県沖,37°14.5′N,141°22.8′E,23 km,4.3,1
2019/01/13,18:28:36.0,島根県西部,34°48.4′N,132°04.2′E,11 km,2.3,1
2019/01/13,11:46:46.9,長野県北部,36°37.4′N,138°21.7′E,2 km,2.0,1
2019/01/13,10:41:34.4,静岡県西部,34°52.5′N,137°53.3′E,15 km,2.9,1
2019/01/13,09:18:08.2,岩手県沖,39°38.5′N,141°59.9′E,41 km,3.7,2
2019/01/13,01:26:59.2,石川県加賀地方,36°23.7′N,136°24.9′E,9 km,1.6,2
2019/01/13,01:11:36.9,茨城県沖,36°31.0′N,140°39.1′E,16 km,3.0,1
2019/01/12,00:34:58.7,熊本県天草・芦北地方,32°24.1′N,130°32.8′E,5 km,2.3,1
2019/01/11,16:41:03.7,静岡県西部,34°52.5′N,137°53.5′E,14 km,2.8,1
2019/01/11,11:06:02.4,静岡県西部,34°52.2′N,137°53.2′E,14 km,3.5,2
2019/01/11,10:15:23.8,静岡県西部,34°52.3′N,137°53.4′E,15 km,3.0,1
2019/01/11,07:05:30.5,富山県西部,36°43.4′N,136°59.8′E,8 km,1.9,1
2019/01/11,03:49:25.6,鹿児島県薩摩地方,31°44.0′N,130°46.2′E,8 km,1.7,1
2019/01/11,03:31:26.0,埼玉県南部,36°01.4′N,139°32.8′E,56 km,3.2,1
2019/01/10,20:15:25.7,新潟県中越地方,37°18.7′N,138°51.9′E,11 km,3.2,2
2019/01/10,19:47:10.8,西表島付近,24°20.6′N,123°42.5′E,6 km,3.2,1
2019/01/10,10:01:27.7,胆振地方中東部,42°33.8′N,142°00.1′E,35 km,2.8,1
2019/01/09,13:47:09.9,宮城県沖,38°10.8′N,141°42.3′E,50 km,3.6,1
2019/01/09,09:01:33.8,埼玉県秩父地方,35°57.1′N,138°49.4′E,154 km,3.8,1
2019/01/09,03:02:09.4,熊本県熊本地方,33°00.9′N,130°34.3′E,10 km,2.5,1
2019/01/09,00:22:20.0,種子島近海,30°35.3′N,131°10.2′E,30 km,3.7,1
2019/01/08,23:08:49.0,山梨県東部・富士五湖,35°28.1′N,138°57.9′E,22 km,3.0,1
2019/01/08,21:39:30.0,種子島近海,30°34.3′N,131°09.8′E,30 km,6.0,4
2019/01/08,11:27:05.3,内浦湾,41°56.0′N,140°58.3′E,9 km,1.9,1
2019/01/08,10:01:10.4,奄美大島近海,28°25.7′N,129°28.4′E,9 km,4.0,4
2019/01/08,01:35:25.8,千葉県南部,35°00.9′N,139°54.9′E,52 km,4.1,2
2019/01/07,20:14:33.5,浦河沖,42°02.6′N,143°02.7′E,18 km,3.5,1
2019/01/07,14:04:53.7,胆振地方中東部,42°39.5′N,141°59.2′E,35 km,3.0,1
2019/01/07,11:51:56.6,神奈川県西部,35°22.3′N,139°07.1′E,22 km,2.9,1
2019/01/07,10:51:26.1,トカラ列島近海,28°21.6′N,128°44.5′E,69 km,3.6,1
2019/01/07,10:01:54.9,千葉県北東部,35°42.6′N,140°36.8′E,52 km,3.0,1
2019/01/07,02:39:13.6,石川県能登地方,37°12.5′N,136°44.1′E,10 km,3.1,1
2019/01/06,19:32:08.8,長野県南部,35°24.8′N,137°42.4′E,16 km,3.2,2
2019/01/06,17:34:10.7,宮城県北部,38°41.7′N,141°28.4′E,102 km,4.5,3
2019/01/06,14:22:18.8,熊本県熊本地方,32°44.2′N,130°41.3′E,11 km,1.8,1
2019/01/06,07:56:17.7,熊本県熊本地方,32°33.4′N,130°42.9′E,8 km,2.6,1
2019/01/06,07:54:12.6,小笠原諸島東方沖,26°24.0′N,144°44.5′E,0 km,5.9,1
2019/01/06,03:06:10.7,熊本県熊本地方,32°44.2′N,130°41.4′E,11 km,1.8,1
2019/01/05,21:05:54.5,トカラ列島近海,29°13.1′N,129°08.6′E,10 km,2.8,1
2019/01/05,20:52:33.9,トカラ列島近海,29°12.9′N,129°09.6′E,10 km,2.8,1
2019/01/05,18:17:28.3,熊本県熊本地方,33°01.5′N,130°33.0′E,11 km,3.2,2
2019/01/05,15:32:18.5,鹿児島湾,31°13.9′N,130°41.2′E,109 km,4.0,2
2019/01/05,14:28:19.8,熊本県熊本地方,33°00.9′N,130°34.3′E,10 km,2.4,1
2019/01/05,11:10:23.7,新潟県下越沖,38°31.3′N,139°26.7′E,10 km,3.0,1
2019/01/04,23:56:52.8,沖縄本島近海,26°34.7′N,127°55.0′E,14 km,2.9,1
2019/01/04,22:38:18.7,岩手県沖,39°20.4′N,142°03.8′E,48 km,3.7,1
2019/01/04,20:39:31.5,神奈川県東部,35°24.7′N,139°33.3′E,114 km,3.5,1
2019/01/04,15:21:38.6,熊本県熊本地方,32°39.7′N,130°40.2′E,11 km,2.6,2
2019/01/04,09:57:15.3,日向灘,32°11.6′N,131°57.5′E,20 km,2.9,1
2019/01/03,20:28:24.3,福島県沖,37°21.6′N,141°26.6′E,35 km,3.8,1
2019/01/03,18:48:54.5,熊本県熊本地方,33°01.5′N,130°33.5′E,11 km,3.2,2
2019/01/03,18:19:48.7,熊本県熊本地方,33°01.6′N,130°32.9′E,11 km,2.4,1
2019/01/03,18:10:27.6,熊本県熊本地方,33°01.6′N,130°33.2′E,10 km,5.1,6-
2019/01/03,17:49:03.4,茨城県沖,36°50.9′N,141°19.6′E,43 km,3.6,1
2019/01/03,17:24:48.6,愛媛県南予,33°28.0′N,132°17.8′E,47 km,3.2,1
2019/01/02,23:24:38.1,宮城県沖,38°51.2′N,142°02.8′E,45 km,3.6,1
2019/01/02,21:25:58.9,岩手県沖,40°07.7′N,142°28.4′E,34 km,3.8,1
2019/01/02,18:44:26.0,茨城県南部,36°10.4′N,140°06.7′E,51 km,3.9,2
2019/01/02,17:47:13.8,茨城県沖,36°42.5′N,140°57.1′E,32 km,3.8,2
2019/01/02,07:05:38.0,千葉県北西部,35°43.9′N,140°12.0′E,66 km,3.6,1
2019/01/02,00:09:56.4,宮城県沖,38°53.4′N,142°04.6′E,45 km,3.6,1
2019/01/01,18:55:13.3,石垣島近海,24°10.9′N,124°14.6′E,14 km,4.2,1
2019/01/01,18:45:55.5,石垣島近海,24°11.5′N,124°14.0′E,14 km,4.2,1
2019/01/01,10:01:45.1,日向灘,32°04.1′N,131°50.0′E,34 km,3.1,1
2019/01/01,06:53:35.6,千葉県東方沖,35°41.1′N,140°45.5′E,47 km,3.5,1
2019/01/01,04:04:28.5,根室半島南東沖,43°20.0′N,146°05.4′E,51 km,3.2,1
